country,rank,region,score_1,score_2,score_3,score_4,score_5,score_6,stars,total_score,university,year
United States,1,North America,100,100,100,99.1,100,91.9,,100,麻省理工学院,2022
United States,2,North America,100,100,100,98.1,99.7,63.6,,98.4,斯坦福大学,2022
United States,3,North America,100,100,98.6,99.1,85.2,69.9,,97.9,哈佛大学,2022
United States,4,North America,97,82.8,100,99.9,100,88.2,,97,加州理工大学（Caltech),2022
United Kingdom,5,Europe,100,100,100,81.3,99.4,98.3,,96.7,牛津大学,2022
Switzerland,6,Europe,98.7,96.6,80.8,96.4,100,97.9,,95,苏黎世联邦理工大学（瑞士联邦理工学院）,2022
United Kingdom,7,Europe,100,100,100,69.2,100,97.4,,94.3,剑桥大学,2022
United Kingdom,8,Europe,98.5,99.8,99.9,68.6,100,100,,93.6,帝国理工学院,2022
United States,9,North America,99.4,91.3,94.4,86.3,67.1,82.6,,93.1,芝加哥大学,2022
United Kingdom,10,Europe,99.4,98.3,98.4,65.4,99.3,100,,92.9,伦敦大学学院,2022
Singapore,11,Asia,99.7,98.4,90.7,72.9,100,71.4,,91.5,新加坡国立大学,2022
United States,12,North America,99.9,99,68.6,100,71.6,65.6,,91,普林斯顿大学,2022
Singapore,13,Asia,89.8,89.8,91.5,89,100,67.6,,89.9,南洋理工大学,2022
Switzerland,14,Europe,80.4,80,96.3,98.5,100,100,,89.6,洛桑联邦理工学院（EPFL),2022
China (Mainland),15,Asia,98.2,98.6,93.3,83.2,55.3,30.7,,89.2,清华大学,2022
United States,16,North America,96.1,91.5,100,63.8,88.7,65.3,,88.6,宾夕法尼亚大学,2022
United States,16,North America,98.5,90.9,63.7,88.6,93.7,70,,87.6,康奈尔大学,2022
United States,18,North America,99.9,100,100,52.8,85.3,54.5,,88,耶鲁大学,2022
United States,19,North America,99.7,97.3,100,48.5,37.2,96.3,,86.5,哥伦比亚大学,2022
United Kingdom,20,Europe,98,95.4,83.1,50.2,98.2,99,,85.8,爱丁堡大学,2022
United States,21,North America,98.9,92.7,89.4,58,74.8,41.3,,84.6,密歇根大学,2022
Hong Kong SAR,22,Asia,98.1,76.3,83.8,48,100,98.9,,83.7,香港大学（HKU）,2022
China (Mainland),23,Asia,99.2,99.1,76.4,64.9,69.7,34.3,,83.5,北京大学,2022
Japan,24,Asia,100,99.6,92.3,62.5,10.7,26.1,,83.2,东京大学,2022
United States,25,North America,86.7,47,100,75.9,66.3,87.7,,82.7,约翰霍普金斯大学,2022
Canada,26,North America,99.3,96.8,70.3,45.8,97.9,94.1,,82.7,多伦多大学,2022
Hong Kong SAR,27,Asia,85.2,63.6,66.7,92.1,100,88.9,,82.1,香港科技大学（HKUST),2022
United Kingdom,28,Europe,95.3,97.4,72.7,48.4,92.9,98.8,,82.1,曼彻斯特大学,2022
United States,30,North America,85.1,74.4,99.7,72.3,57.9,45.3,,81.5,西北大学,2022
United States,30,North America,100,99.9,21.3,96.9,94.9,39.7,,80.8,加州大学伯克利分校,2022
Australia,31,Oceania,95.6,77.6,40.1,77.8,100,99.6,,80,澳大利亚国立大学（ANU),2022
United Kingdom,32,Europe,88.9,81.1,83.1,46.4,98.4,99.9,,80,伦敦国王学院,2022
Canada,33,North America,92.3,94.1,67.5,51.8,90.5,96.3,,80,麦吉尔大学,2022
China (Mainland),34,Asia,84.7,92.5,90.9,55.7,93.1,46.3,,79.9,复旦大学,2022
United States,35,North America,95.8,96.5,96.7,25.8,37.3,93,,79.4,纽约大学（NYU）,2022
United States,36,North America,100,99.7,42,81.9,47.3,32.6,,79.2,加州大学洛杉矶分校,2022
South Korea,37,Asia,97.9,95.9,87.9,53.7,18.6,11.6,,79,首尔国立大学,2022
Japan,38,Asia,98.6,96.9,95,42.6,16,19.8,,78.9,京都大学,2022
South Korea,39,Asia,86.8,82.2,70,97.4,24.7,9.7,,78.6,韩国科学技术研究所,2022
Australia,40,Oceania,97.4,95.3,21.4,69.6,100,100,,77.1,悉尼大学,2022
Australia,41,Oceania,99.1,97.3,18.8,65.4,97.4,100,,76.5,墨尔本大学,2022
United States,42,North America,88.2,85.3,100,44.7,5.9,58,,76.4,杜克大学,2022
Hong Kong SAR,43,Asia,90.3,53.1,59.2,62.6,100,91.5,,75.8,香港中文大学,2022
Australia,44,Oceania,91.1,94.9,16.7,78.4,100,99.2,,75.4,新南威尔士大学（UNSW）,2022
Canada,45,North America,97.1,89.6,53.1,37.4,89.5,78.8,,74.8,不列颠哥伦比亚大学,2022
Australia,46,Oceania,89,78.2,23.8,79.6,100,99.9,,74.5,昆士兰大学（UQ）,2022
China (Mainland),47,Asia,82.5,90.9,60.4,75.4,64,30.2,,74.4,上海交通大学,2022
Hong Kong SAR,48,Asia,61.5,32.8,88.9,91.2,100,99,6,74.3,香港城市大学,2022
United Kingdom,49,Europe,75.8,99.6,41.9,74,100,100,,73.9,伦敦经济政治学院,2022
Germany,50,Europe,83.8,98.5,89.7,22.4,63.4,84.7,,73.6,慕尼黑工业大学,2022
United States,51,North America,73.3,72.4,51,89.8,65.3,99.4,,73.4,卡内基梅隆大学,2022
France,52,Europe,75.5,97.5,100,31.6,64.5,68.4,,73.3, 巴黎科学艺术人文大学,2022
China (Mainland),53,Asia,69.3,91.1,90,40,98.1,74.2,,71.9,浙江大学,2022
United States,54,North America,91.9,50.4,61.3,52.7,59.9,64.3,,71.2,加州大学圣地亚哥分校,2022
Australia,55,Oceania,90,88.7,14.1,64.2,100,100,,70.9,蒙纳士大学,2022
Japan,56,Asia,73.3,90.4,83.4,62.6,27.6,28,,70.8,东京工业大学,2022
Netherlands,57,Europe,70.7,87.9,43.9,75.8,99.8,85.6,,70.7,代尔夫特理工大学,2022
United Kingdom,58,Europe,75.5,82.9,70.8,44.8,91.5,80.6,,70.6,布里斯托大学,2022
Malaysia,59,Asia,74.1,84.6,82.1,47.7,68.7,44.5,5,70.1,马来亚大学（UM）,2022
United States,60,North America,60.2,58.1,82,82.3,82.9,53.4,,70,布朗大学,2022
Netherlands,61,Europe,82.3,55.6,35.4,83.3,84.5,61.6,,69.9,阿姆斯特丹大学,2022
France,61,Europe,41.8,98.7,99.8,65.8,95.8,99,,69.9,巴黎综合理工大学,2022
United Kingdom,62,Europe,74.3,92,47.8,51.4,98.1,99.2,,69,华威大学,2022
Germany,63,Europe,92.9,80.7,49.1,43.9,57.6,36.2,,68.9,路德维希 - 马克西米利安 - 慕尼黑大学,2022
Germany,64,Europe,80.6,41.8,99.1,34.2,52.3,49.5,,68.6,鲁普莱希特-卡尔斯-海德堡大学,2022
United States,65,North America,85.6,49.5,72.7,54.9,34.7,27.6,,68.2,威斯康星大学麦迪逊分校,2022
Taiwan,66,Asia,91.8,87.5,38.7,54.8,19.1,38.7,,67.5,台湾大学,2022
Argentina,67,Latin America,88.3,90.8,77.9,2.5,60.4,71.8,,67.5,布宜诺斯艾利斯大学,2022
South Korea,69,Asia,75.2,91.7,84.9,35.4,15,53.3,,67.1,高丽大学,2022
Switzerland,70,Europe,59.7,60.6,98,45.9,100,59.8,,67.1,苏黎世大学,2022
United States,71,North America,94,83.4,12.4,84,6.5,16.2,,66.7,德克萨斯大学奥斯汀分校,2022
Japan,72,Asia,80.1,79.6,78.9,41.3,20.3,14,,66.1,大阪大学,2022
United States,73,North America,85.9,49,13.7,98.8,39.7,39.5,,66.1,华盛顿大学,2022
Russia,74,Europe,77.3,82.8,99.8,7.4,20.1,76.8,,65.9,罗蒙诺索夫莫斯科国立大学,2022
Hong Kong SAR,75,Asia,66.3,40.8,78,51,100,80.2,,65.8,香港理工大学,2022
Denmark,76,Europe,72.8,38.7,100,31.2,91.8,26.5,,65.5,哥本哈根大学,2022
South Korea,77,Asia,43,54.6,99.9,98.7,33.8,3,,64.6,浦项科技大学,2022
United Kingdom,78,Europe,73,66.8,60.4,33.5,93.8,97.1,6,64.6,格拉斯哥大学,2022
Japan,79,Asia,69.3,72.4,98.1,39.6,11.8,16.9,,64.3,东北大学,2022
United States,80,North America,68.8,76.4,9.2,99.9,71,64.8,,64.1,乔治亚理工学院(Georgia Tech),2022
New Zealand,81,Oceania,84.9,55.9,25.4,47,97.6,94.5,,64,奥克兰大学,2022
United States,82,North America,87.4,52.1,10.8,83.7,18.8,60.4,,63.4,伊利诺伊大学香槟分校,2022
France,83,Europe,90.1,47.4,38.9,49.3,34,57.1,,63.3,索邦大学,2022
Belgium,84,Europe,83.4,55.5,9.4,77.5,90.7,36.1,,63,鲁汶大学,2022
United Kingdom,85,Europe,58,90.2,33.1,68.3,97.9,88.7,,62.2,杜伦大学,2022
South Korea,86,Asia,68.3,87.7,85.1,31,12.1,45.3,,62.5,延世大学,2022
United Kingdom,87,Europe,64.4,72.6,52.5,45.4,93.4,87.9,,62,伯明翰大学,2022
South Korea,88,Asia,60.2,75.6,84.9,47.7,20.1,39.3,,61.5,成均馆大学,2022
United States,89,North America,39.6,25.3,80.8,87.5,88.8,92,,61.4,赖斯大学,2022
United Kingdom,90,Europe,50.9,52.9,66.8,61.7,97.6,93.5,,61.3,南安普敦大学,2022
United Kingdom,91,Europe,70.6,78.1,46,36.7,84.7,81.3,,61.2,利兹大学,2022
Australia,92,Oceania,61.1,52.7,19,85.7,100,99.6,,61,西澳大学（UWA）,2022
United Kingdom,93,Europe,61.4,58.6,62.2,42.8,85.3,96,,60.8,谢菲尔德大学,2022
China (Mainland),94,Asia,53.9,19.9,77.7,99.2,24.1,6.1,,60.8,中国科学技术大学,2022
United States,95,North America,68.1,49.7,84.4,44.8,32.6,10.5,,60.6,北卡罗来纳大学教堂山,2022
United Kingdom,96,Europe,46,61.1,67.6,60.2,98.4,99.8,,60.3,圣安德鲁斯大学,2022
Sweden,97,Europe,70,50.9,53.6,39.9,92.3,69,,60.2,隆德大学,2022
Sweden,98,Europe,46.2,63.6,64.8,68,98.3,57.4,,59.5,皇家理工学院,2022
United Kingdom,99,Europe,60,71.6,47.7,46.4,90.8,83.5,,59,诺丁汉大学,2022
Mexico,100,Latin America,93.3,90.9,52.9,4,9.9,3.6,,58.8,墨西哥国立自治大学,2022
United States,101,North America,74.9,75.3,30.9,59.7,15.9,36.9,,58.4,宾夕法尼亚州立大学,2022
Ireland,102,Europe,66.6,49.7,32.4,51.3,99.6,93.7,,58.4,都柏林三一学院,2022
Denmark,103,Europe,31.3,30.7,99.9,66,99.9,78.6,,57.9,丹麦技术大学,2022
Finland,104,Europe,65.3,45.9,67.5,48.4,61.4,5.7,,57.6,赫尔辛基大学,2022
United States,105,North America,43.3,15.5,99.8,53.3,80,61.8,,56.9,华盛顿大学在圣路易斯,2022
Australia,106,Oceania,55.5,37,25.5,77.8,99.8,99.1,,56.8,阿德莱德大学,2022
Switzerland,107,Europe,50.9,23.4,48.5,71.2,100,97.4,,56.8,日内瓦大学,2022
United States,108,North America,63.5,63.2,57.6,37.8,81.3,23.5,,56.4,俄亥俄州立大学,2022
United States,109,North America,63.6,69.4,19.2,62.7,83.9,51.4,,55.9,普渡大学,2022
United States,110,North America,62,53.4,42.4,54.3,30.9,88,,55.8,波士顿大学,2022
Japan,111,Asia,58.7,52.3,90,35,14.8,20.4,,55.8,名古屋大学,2022
United States,112,North America,68.7,33.9,28.7,56.1,75.1,68.4,,55.3,加州大学戴维斯分校,2022
Norway,113,Europe,54.5,15.7,82.1,46.8,88.3,26.7,,55.2,奥斯陆大学,2022
Switzerland,114,Europe,30.2,38.7,70.9,86.7,100,42.7,,54.9,伯尔尼大学,2022
United Kingdom,114,Europe,52.6,40.9,58.4,40.4,99.7,99,,55.1,伦敦大学皇后玛丽学院（QMUL）,2022
Brazil,115,Latin America,88.6,67.4,20.5,38.1,8.2,3.1,,54.8,圣保罗大学,2022
Netherlands,116,Europe,40,22.2,96.9,53.1,45.5,79.8,,54.8,瓦赫宁根大学,2022
Germany,117,Europe,89.8,57.5,10,32.2,50,31.1,,54.5,柏林洪堡大学,2022
Canada,118,North America,55.1,53.6,66.8,30.1,88.8,59.7,,54.3,蒙特利尔大学,2022
Canada,119,North America,54.6,37.7,50.5,47.2,91.2,79.9,,54,阿尔伯塔大学,2022
Netherlands,120,Europe,30.4,78.1,55.2,76.6,99.7,44.9,,53.9,埃因霍芬理工大学,2022
Chile,121,Latin America,87.7,96.4,24.2,14.1,18.6,3.9,,53.8,智利天主教大学,2022
United States,122,North America,58.1,55.1,34.1,60.5,32,84.3,,53.8,南加州大学,2022
Netherlands,123,Europe,66,34,38.9,58.3,59.9,25,,53.8,乌得勒支大学,2022
Japan,124,Asia,54.6,62.5,86.7,31.2,14.4,20.4,,53.7,九州大学,2022
China (Mainland),125,Asia,59.7,23.4,28,87.6,71.4,9.5,,53.7,南京大学,2022
Sweden,126,Europe,66.3,27.7,42.8,52.5,66.3,35.3,,53.7,乌普萨拉大学,2022
Finland,127,Europe,43.4,43,53.6,72.5,93.2,35.4,,53.6,阿尔托大学,2022
Netherlands,128,Europe,69.2,32.2,25.8,52.6,82.2,48.1,,53.4,莱顿大学,2022
Netherlands,129,Europe,50.6,28.1,62.6,43.2,92,86.5,,53.4,格罗宁根大学,2022
Germany,130,Europe,80.9,48.4,4.2,46.7,63.6,46.6,,53.2,柏林自由大学,2022
Germany,131,Europe,46.2,85,27.4,70.3,60.1,60.5,,52.9,卡尔斯鲁厄理工学院,2022
Malaysia,132,Asia,50.5,52.8,76.1,22.3,58.1,86.5,5,52.7,马来西亚博特拉大学（UPM）,2022
Australia,134,Oceania,45.3,78.8,8.8,74.4,98.1,94.9,6,52.6,悉尼科技大学（UTS）,2022
United Kingdom,135,Europe,40.6,31,45.6,71.3,93.7,95.4,,52.5,兰卡斯特大学,2022
Belgium,136,Europe,53.7,23.5,83,37.1,68.4,19.1,,52.5,根特大学,2022
Italy,137,Europe,67,82.6,5.3,55.9,46.4,49.6,,52.4,米兰理工大学,2022
France,138,Europe,15.6,99.9,89.1,51.9,65.6,86.1,,52.3,巴黎中央理工学院,2022
Sweden,139,Europe,28.3,58.6,68.2,65.6,98.8,60.3,,52.2,查尔姆斯理工大学,2022
Japan,140,Asia,54,60,80,32.7,16.9,16.2,,52.2,北海道大学,2022
Malaysia,141,Asia,53.8,55.7,93.3,11.9,31.2,40.8,5,52,马来西亚国民大学（UKM）,2022
Malaysia,142,Asia,56,60.5,76.2,16.6,37.6,49.9,,51.9,马来西亚理科大学（USM）,2022
Saudi Arabia,143,Asia,36.3,52.4,69,50.2,99,57,,51.7,阿卜杜勒·阿齐兹国王大学（KAU）,2022
Canada,144,North America,40.7,47.6,81.4,32.4,99.3,48.1,,51.5,麦克马斯特大学,2022
Germany,145,Europe,51.9,95.8,7.4,68.1,43.7,70.3,,51.4,亚琛工业大学,2022
South Korea,146,Asia,46.5,78.3,77.1,31.9,23.1,31.9,,51.3,汉阳大学,2022
Denmark,147,Europe,54.6,40.9,32.6,65.6,84.9,16,,51,奥胡斯大学,2022
Germany,148,Europe,54.1,75,50.3,28.2,38.2,74.4,,50.8,柏林工业大学,2022
Switzerland,149,Europe,28.4,28.5,45.3,88.3,100,87.1,,50.6,巴塞尔大学,2022
Austria,150,Europe,69.2,42.7,24.3,18.7,98.1,90.3,,50.3,维也纳大学,2022
United Kingdom,151,Europe,42.6,41.4,58.4,45.7,89.5,69.9,,50.3,约克大学,2022
United Kingdom,152,Europe,43.7,76.8,39.6,41.8,87.6,81.2,6,50.2,纽卡斯尔大学,2022
United States,153,North America,60,19.3,11.4,87.1,55.3,30.4,,50.2,加州大学圣芭芭拉分校,2022
United States,154,North America,53.1,31.5,49.9,65,27.5,22.5,,50.2,马里兰大学，学院公园,2022
Mexico,155,Latin America,41.7,88.3,87.3,5.2,96.7,16.1,6,49.9,蒙特雷科技大学,2022
United States,156,North America,43.9,19.6,96.7,45.6,8.6,19.4,,49.7,匹兹堡大学,2022
United States,157,North America,61.5,65.6,15.4,52.9,62,26.9,,49.6,密歇根州立大学,2022
United States,158,North America,25.8,14.5,98.5,63.9,50.1,41.1,,49.1,埃默里大学,2022
United Kingdom,159,Europe,47.4,39.4,48,38.9,81.7,77,,48.5,卡迪夫大学,2022
Italy,160,Europe,79.6,46.4,4.7,46.3,12.1,11.9,,48.2,博洛尼亚大学,2022
France,161,Europe,33.3,10.1,94.6,54.7,53.7,18.9,,48.1,里昂高等师范学院,2022
United States,162,North America,19.7,18.7,86.5,67.8,55.3,74.5,,47.4,凯斯西储大学,2022
United States,163,North America,49.7,51.9,75.3,26.8,20.6,12.9,,47.4,佛罗里达大学,2022
United Kingdom,164,Europe,39.7,60.3,42.6,40.2,90.6,79.4,5,47.2,埃克塞特大学,2022
Kazakhstan,165,Asia,42,63.1,98.2,1.4,42,30.7,5,46.9,哈拉克国立大学,2022
United States,165,North America,25.5,11.3,99.9,37.4,63.5,92.9,,46.9,罗切斯特大学,2022
Canada,167,North America,39.6,77.5,7.9,67,76.4,83.4,,46.8,滑铁卢大学,2022
Taiwan,168,Asia,49.5,58.1,34.8,58.3,19.4,18,,46.4,国立清华大学,2022
United States,169,North America,60.7,59.9,8.1,59.2,25.2,19.1,,46.2,德州农工大学,2022
Switzerland,170,Europe,35.1,21.5,56.7,51.7,99.5,62,,46.2,洛桑大学,2022
Italy,171,Europe,78.4,33.8,5.1,46.3,4.8,10.5,,46.1,萨皮恩扎 - 罗马大学,2022
India,172,Asia,50.4,74.2,36.2,53.1,3.9,1.6,,46,印度理工学院孟买分校,2022
Germany,173,Europe,37.6,61.1,83.7,21.5,35.7,34.1,,45.9,德累斯顿工业大学,2022
United Kingdom,174,Europe,36.1,67.7,24.8,50,98.1,90.4,,45.9,巴斯大学,2022
Germany,175,Europe,45.6,22.6,89.5,16.8,45.8,26,,45.8,蒂宾根大学,2022
Germany,176,Europe,52,18.7,35.7,51.8,62.4,43.9,,45.8,弗莱堡大学,2022
Israel,177,Asia,37.4,30.5,79.8,39.2,65.4,9.9,,45.7,希伯来大学,2022
Ireland,178,Europe,49.2,41.6,28.8,39,97.6,63.2,,45.7,都柏林大学,2022
United States,179,North America,64.3,26.2,31.9,48.1,7.1,15,,45.7,明尼苏达大学,2022
Chile,180,Latin America,73.9,91.2,13.8,15,9.5,7.4,,45.6,智利大学,2022
Sweden,181,Europe,55.1,15.6,30,46.9,87.5,41.5,,45.5,斯德哥尔摩大学,2022
United Kingdom,182,Europe,42.9,31,48.6,30.9,86.7,93.8,,45.5,利物浦大学,2022
Spain,183,Europe,70.2,38.1,20.9,35.5,6.6,32.1,,45.4,巴塞罗那大学,2022
New Zealand,184,Oceania,53,36.5,16.6,43.5,100,59,6,45.3,奥塔哥大学,2022
India,185,Asia,31.8,18.3,49.8,100,1.4,1.6,,44.9,印度科学研究所班加罗尔,2022
Saudi Arabia,186,Asia,27.7,21.1,80.7,46.1,100,18.1,,44.7,法赫德法国石油和矿物大学（KFUPM）,2022
Malaysia,187,Asia,39.4,51.6,64.4,27.8,27.6,63.9,5,44.2,马来西亚工艺大学（UTM）,2022
United States,188,North America,26.9,24.7,100,39.7,23.5,31.5,,44.2,范德比尔特大学,2022
Belgium,189,Europe,50.2,37.2,7.6,60.9,87.2,39.9,,44.1,法语天主教鲁汶大学,2022
Japan,190,Asia,58.6,93.6,30.6,7.6,31,36.7,,44.1,早稻田大学,2022
Japan,191,Asia,49.5,87,60.8,9.6,12.2,11.7,,44,庆应义塾大学,2022
Austria,192,Europe,32.3,52.7,10.2,77.5,75.2,86,,44,维也纳技术大学,2022
India,193,Asia,44.3,64.5,28.4,67.8,2.3,1.5,,43.9,印度理工学院德里分校,2022
Norway,194,Europe,33.6,8.2,77.9,42.4,87.3,8.8,,43.4,卑尔根大学,2022
Germany,195,Europe,49,16.9,65.5,24.3,49.9,25,,43.3,乔治奥古斯特哥廷根大学,2022
Australia,196,Oceania,31.3,34.5,19.2,71,91.8,86,6,43.2,伍伦贡大学,2022
Netherlands,197,Europe,34,63.7,32.4,46.7,82.2,59,,43.1,鹿特丹伊拉斯谟大学,2022
Australia,198,Oceania,33.5,27.9,32.4,64.7,99.9,44.6,,43.1,纽卡斯尔大学,2022
Netherlands,199,Europe,20.8,40.4,36.8,69.8,96.1,86.5,,43.1,特温特大学,2022
Spain,200,Europe,57.1,55.4,42.3,23.3,8.8,12,,42.8,马德里自治大学,2022
Belgium,201,Europe,24.7,18.9,87.3,30.1,88.2,62.1,,42.8,布鲁塞尔大学,2022
Sweden,202,Europe,38.3,15.7,69.2,31.4,65.5,42.7,,42.7,哥德堡大学,2022
United States,203,North America,19.4,30.5,69.5,79.3,5.5,32.7,,42.6,达特茅斯学院,2022
Canada,204,North America,30.8,63.7,7.4,76.1,95.6,51,6,42.6,韦仕敦大学（西安大略大学）,2022
United Kingdom,205,Europe,33.4,34.3,28.6,53,93.2,86.4,,42.3,雷丁大学,2022
Spain,206,Europe,66.4,63.5,23.3,14.2,3.2,21.3,,41.9,马德里康普顿斯大学（UCM）,2022
United Kingdom,207,Europe,28.7,23.6,32.8,57.4,94.8,99,,41.8,阿伯丁大学,2022
Thailand,208,Asia,67.1,60.7,30.1,9,14.6,2.6,,41.6,朱拉隆功大学,2022
United Kingdom,209,Europe,30,33,46.3,36.6,99.8,96.5,,41.5,贝尔法斯特女王大学,2022
United States,210,North America,44.2,14.4,10.7,68.7,46.6,75.7,,41.4,加州大学欧文分校,2022
United Arab Emirates,211,Asia,11.9,10.2,86.4,52.6,100,48.1,5,41.2,哈利法大学,2022
United States,212,North America,30.2,47.5,68.2,42.3,30.3,19.8,,41.2,圣母大学,2022
Spain,213,Europe,59.9,33.9,15.2,39.9,22.2,23.1,,40.9,巴塞罗那自治大学,2022
Australia,214,Oceania,31.6,49.6,21.8,44.5,97.2,97.5,,40.8,麦考瑞大学,2022
Netherlands,215,Europe,31.8,16.7,40.2,70.2,59,23.2,,40.8,雷德布德大学奈梅亨,2022
Italy,216,Europe,59.4,35.6,11.1,49.9,10.9,5.9,,40.6,帕多瓦大学（UNIPD）,2022
Australia,217,Oceania,32.4,43.4,16.8,60.6,100,50.2,6,40.5,科廷大学,2022
Australia,218,Oceania,43.2,45.6,8.7,48.5,97.8,41.8,,40.5,昆士兰科技大学（QUT）,2022
United States,219,North America,37.2,42.4,61.4,38.5,8.1,14.3,,40.5,弗吉尼亚大学,2022
Lebanon,220,Asia,27.7,64,59.7,16.5,84.4,64.6,,40.4,贝鲁特美国大学（AUB）,2022
United States,221,North America,43.4,33.4,11.1,57.6,67.5,46.3,,40.4,亚利桑那州立大学,2022
South Africa,222,Africa,45.1,39.7,25.3,39.6,67.1,35.8,,40.4,开普敦大学,2022
Australia,223,Oceania,37.6,60.2,9.8,35,100,94.3,,40,皇家墨尔本理工大学,2022
New Zealand,224,Oceania,48.4,31.8,12.3,35.2,99.6,54.3,6,40,惠灵顿维多利亚大学,2022
Russia,225,Europe,41.2,30.2,83.3,7.2,5.9,36.8,,39.9,圣彼得堡国立大学,2022
United Kingdom,226,Europe,30.9,66.1,30.3,34.1,83.8,72.2,6,39.7,拉夫堡大学,2022
Colombia,227,Latin America,55.3,94,23.8,7.6,28.4,2.5,5,39.6,洛斯安第斯哥伦比亚大学,2022
Russia,228,Europe,28.8,21.3,94.7,18.9,9,47.2,,39.4,新西伯利亚州立大学,2022
Germany,229,Europe,48.7,16.7,26.1,46.4,45,22.9,,39.4,汉堡大学,2022
United States,230,North America,33.5,47.7,63.2,25.8,15.1,47.2,,39.3,乔治城大学,2022
Israel,231,Asia,34.3,30.9,6.2,94.9,33.2,9.3,,39.3,特拉维夫大学,2022
United States,232,North America,36.9,16.6,44.5,59.7,24.1,11,,39.3,科罗拉多大学博尔德分校,2022
Brazil,233,Latin America,62.3,30.6,16.5,35.6,8.8,3.7,,39.2,金边大学,2022
Netherlands,234,Europe,21.8,30.5,20,65,97.1,100,,38.9,马斯特里赫特大学,2022
Taiwan,235,Asia,41,60.9,35.8,35,16,23,,38.9,国立成功大学,2022
South Korea,236,Asia,25.4,37.8,88.3,18.6,16.2,47.9,,38.8,庆熙大学,2022
Netherlands,237,Europe,41.7,18.3,43.1,41.9,37,23.6,,38.8,阿姆斯特丹自由大学,2022
Ireland,238,Europe,24.2,27.4,75.3,15.2,91.8,58.8,,38.3,爱尔兰国立高威大学,2022
Belgium,239,Europe,22.5,13.2,73.1,36.4,77.5,39.1,,38.3,安特卫普大学,2022
Taiwan,240,Asia,30.7,64.9,40.7,44.5,30,21.4,,38.2,国立交通大学,2022
Germany,241,Europe,50.6,13.8,43.5,21.3,43.8,23.6,,38.2,波恩大学,2022
France,242,Europe,8.8,49.9,93.1,20.7,31.8,99.6,,38.1,国立路桥学校,2022
France,243,Europe,21,30.2,89.1,6,52,99.2,,38.1,巴黎政治学院,2022
United Kingdom,244,Europe,24.8,16.3,45.6,43.3,82.7,85.4,,38.1,莱斯特大学,2022
Qatar,245,Asia,19.3,23.3,69.7,19.4,100,95.4,,37.9,卡塔尔大学,2022
Canada,246,North America,36.5,68.8,7.5,48.2,71,28.8,,37.8,女王大学,2022
Canada,247,North America,33,36.6,27.2,41.2,82.9,57.1,,37.8,卡尔加里大学,2022
United Kingdom,248,Europe,28,10.2,20.2,58.7,96.4,95.1,,37.8,苏塞克斯大学,2022
China (Mainland),249,Asia,38.2,53.7,16.8,53.4,48.6,8.5,,37.8,武汉大学,2022
Russia,250,Europe,21.7,15.1,99.9,6.1,30.1,93.4,,37.7,托木斯克州立大学,2022
Belgium,251,Europe,33,50,6.8,45.8,87.2,88.7,,37.7,布鲁塞尔自由大学,2022
Thailand,252,Asia,41.7,44.4,69.6,7.8,8.6,5.6,5,37.5,玛希隆大学,2022
Spain,253,Europe,28.8,67.8,51.3,20.4,25,68.5,,37.5,纳瓦拉大学,2022
Indonesia,254,Asia,44.9,43.2,59.9,1.7,48.7,2.2,,37.4,加札马达大学,2022
Brunei,255,Asia,18.3,10.5,95.4,7.9,100,63.9,,37.4,文莱达鲁萨兰国大学,2022
China (Mainland),256,Asia,34.4,8.5,22.4,60.6,88,28.4,,37.2,同济大学,2022
United States,257,North America,44.7,30.3,40.4,32.8,10.3,21.1,,37.2,伊利诺伊大学芝加哥分校,2022
United States,258,North America,38.9,35.5,55.1,16.3,24.6,42.3,,37,罗格斯大学 - 新泽西州立大学新不伦瑞克分校,2022
Colombia,259,Latin America,60.8,93.2,7,5.6,8.2,1.3,5,36.9,哥伦比亚国立大学,2022
Czech Republic,260,Europe,43.4,37.6,48.4,11.8,19,46.9,,36.7,布拉格查理大学,2022
China (Mainland),261,Asia,22.4,8.4,49.3,79.8,9.6,8.7,,36.7,哈尔滨工业大学,2022
United States,262,North America,20.2,7.8,75.7,45.3,32.8,36,,36.7,塔夫茨大学,2022
Hong Kong SAR,264,Asia,18.2,12.7,39.3,49.9,98.2,95.6,,36.3,香港浸会大学,2022
Austria,265,Europe,20.6,13.8,66.1,15.8,99.3,99.5,,36.2,因斯布鲁克大学,2022
Japan,266,Asia,34.6,16.6,68.9,22.5,15.5,27.3,,36.2,筑波大学,2022
Taiwan,267,Asia,24.8,28,58.5,40.7,23.2,40.8,,36,台湾科技大学,2022
Germany,268,Europe,20.3,62.2,5.9,70.6,53.4,68.7,,36,达姆施塔特技术大学,2022
United Kingdom,269,Europe,23.4,31.6,22.4,45.8,97.1,95.4,,36,萨里大学,2022
New Zealand,270,Oceania,35.6,37.4,10.7,38,99.6,60.2,5,35.9,坎特伯雷大学,2022
United States,271,North America,41.2,16.1,16.4,56.2,35.2,25.6,,35.9,马萨诸塞大学，阿默斯特,2022
New Zealand,272,Oceania,30.3,24.5,30.3,28.8,98.7,97.6,6,35.8,梅西大学,2022
Switzerland,273,Europe,4.7,5.2,86.1,30.1,100,100,,35.6,提契诺大学,2022
United States,274,North America,41.3,18.5,52,23.2,24.6,15.6,,35.6,亚利桑那大学,2022
Australia,275,Oceania,28.9,39.8,5.1,48.7,97.1,82.7,,35.5,迪肯大学,2022
India,276,Asia,34.1,50.1,31.5,50.9,2.6,1.5,,35.5,印度理工学院马德拉斯分校,2022
Austria,277,Europe,13.5,9.2,96.1,16.3,70.6,55.7,,35.5,格拉茨大学,2022
France,278,Europe,43.1,7.2,20.7,56.8,16.2,19.6,,35.5,巴黎大学,2022
China (Mainland),279,Asia,38.3,8.8,30.4,51.3,24.4,28.8,,35.4,北京师范大学,2022
Canada,280,North America,25.3,38.8,5.7,62,94.9,58.6,,35.4,渥太华大学,2022
Russia,281,Europe,15.7,27.9,97.7,13.8,32,42.4,,35.3,物理莫斯科与技术研究所州立大学,2022
Russia,282,Europe,21.6,48.9,100,1.5,11,11.5,,35.2,鲍曼莫斯科国立技术大学,2022
Germany,283,Europe,39.2,42.9,27.3,23.9,57.4,37.4,,35.2,科隆大学,2022
United Arab Emirates,284,Asia,23.5,35.3,61.6,12.8,100,40.8,5,35.1,阿联酋大学,2022
Estonia,285,Europe,25.3,15.2,83.4,18.5,30.6,26,,35,塔尔图大学,2022
Ireland,286,Europe,28.6,31.3,42.8,23.4,91.9,46.4,,34.9,考克大学,2022
Saudi Arabia,287,Asia,31,11.7,59.4,19.3,91.8,14.2,5,34.8,沙特国王大学（KSU）,2022
Spain,288,Europe,31.4,28.7,12.7,61.4,63.6,22.6,,34.8,庞培法布拉大学,2022
France,289,Europe,60.1,41.3,5.7,3.8,32.7,56.9,,34.8,巴黎第一大学,2022
Finland,290,Europe,26.3,32.2,62,33.6,28.8,5.9,,34.8,图尔库大学,2022
Canada,291,North America,18.8,20.5,19.7,59.4,100,81,,34.6,戴尔豪斯大学,2022
France,292,Europe,18.1,9.4,89.6,23.9,35.1,35.7,,34.6,卡尚高等师范学校,2022
Israel,293,Asia,27,27.4,22.4,68.7,48.2,3.6,,34.6,以色列理工学院,2022
United States,294,North America,24.2,26.2,53.1,46.3,8,36.7,,34.6,迈阿密大学,2022
South Korea,295,Asia,11.7,5.6,39.7,100,15.8,7.1,,34.5,光州科技学院（GIST）,2022
United States,296,North America,31.5,20.2,18.5,57.5,64.6,24.9,6,34.5,北卡罗来纳州立大学,2022
Australia,297,Oceania,24.4,16.2,23.4,50.4,100,61.2,6,34.5,南澳大学（UniSA）,2022
Russia,298,Europe,26.1,32.8,94,2.2,8.1,16,,34.4,俄罗斯国家研究型高等经济大学（HSE）,2022
Taiwan,299,Asia,14.8,15.2,99.9,30.9,5.6,6.5,,34.4,国立杨明大学,2022
United Kingdom,300,Europe,26.4,50.2,22.4,28.2,93.5,73.7,,34.3,斯特拉斯克莱德大学,2022
United Kingdom,301,Europe,15.7,32.9,25,48.5,100,94,,34.2,赫里瓦特大学,2022
Italy,302,Europe,51.9,21.4,8,43.4,9.6,7.4,,34.2,米兰大学,2022
Australia,303,Oceania,28.9,22.8,12.4,52.9,99.5,40.3,,34.1,格里菲斯大学,2022
China (Mainland),304,Asia,24.7,40.3,30.7,64.4,14.9,7.9,,34.1,西安交通大学,2022
Denmark,305,Europe,16.9,36.6,41.2,50.2,67.3,27.5,,34,奥尔堡大学,2022
Indonesia,306,Asia,40.9,52.9,35.9,2.1,88.3,3.4,,34,印度尼西亚大学,2022
France,306,Europe,24,8.8,68.3,30,41,35.3,,34,巴黎萨克雷大学,2022
Germany,307,Europe,16.8,58.1,3.8,85,32.5,24.7,,33.7,曼海姆大学,2022
Italy,308,Europe,37.5,52.7,3.1,52.1,4,35.6,,33.5,都灵理工大学,2022
United Kingdom,309,Europe,18.5,10.9,23.3,53,97.3,94.5,,33.5,伦敦皇家霍洛威大学,2022
Australia,310,Oceania,19.8,8.8,19.1,58.1,83.6,98.1,,33.5,斯马尼亚大学,2022
Spain,311,Europe,30.6,46,54.2,9.4,41.4,32.3,,33.4,马德里大学卡洛斯三世大学,2022
Germany,312,Europe,48,37.9,23.8,18.1,5.2,31,,33.4,法兰克福大学,2022
Indonesia,313,Asia,38.3,45.1,52.8,4,36.3,1.7,,33.3,万隆理工学院,2022
India,314,Asia,26,39.2,21.7,70.2,4.9,1.1,,33.2,印度理工学院克勒格布尔分校,2022
Russia,315,Europe,9.2,13.6,97.7,9.1,49.6,82.7,,33.2,国立核研究院“MEPhI”,2022
Spain,316,Europe,33.7,32.3,50.6,21.6,11,26.3,,33.2,加泰罗尼亚理工大学,2022
Belarus,317,Europe,19.1,35.9,97.6,1.7,4.6,30.4,,33,白俄罗斯州立大学,2022
Germany,318,Europe,22.5,16.4,2.7,94.6,28,23.5,,33,埃尔朗根-纽伦堡大学,2022
United States,320,North America,38.8,24.2,30.6,26.4,42.9,19.2,,32.6,印第安纳大学伯明顿分校,2022
Japan,321,Asia,22.5,13.1,87,14,14.1,16.7,,32.3,广岛大学,2022
Poland,322,Europe,43.6,48.9,37.3,6.7,8.5,10.5,,32.3,华沙大学,2022
Canada,323,North America,23.8,19.8,6.2,49.8,93.8,90.2,,32.1,西蒙弗雷泽大学,2022
China (Mainland),324,Asia,5.5,1,96.7,38.6,48.4,1.7,,32.1,南方科技大学,2022
Germany,325,Europe,19.5,2.4,99.6,13.4,,25.4,,32.1,耶拿大学,2022
Poland,326,Europe,34.9,45.9,55.4,6.5,4.3,11.3,,31.9,雅盖隆大学,2022
Argentina,327,Latin America,16.8,43.2,98.8,1.1,2.5,12.3,,31.9,阿根廷天主教大学（UCA）,2022
Spain,327,Europe,7.6,44.6,70.7,3.8,89.6,100,,32,IE大学,2022
Russia,328,Europe,14.7,26,87.9,1.7,11.5,95,5,31.9,俄罗斯人民友谊大学,2022
Spain,329,Europe,24.5,11.9,78.9,18.3,6.1,20.5,,31.9,瓦伦西亚政治大学,2022
United States,330,North America,30.3,31.5,27.2,36.6,56.9,25.2,,31.9,弗吉尼亚理工学院（Virginia Tech）,2022
Taiwan,331,Asia,31,11,68.5,10.8,12.8,31.6,,31.8,台湾师范大学,2022
Russia,332,Europe,20.8,13.8,92.2,2.4,16.4,43.1,,31.8,乌拉尔联邦大学,2022
South Korea,333,Asia,21.7,20.1,80.3,14,8.6,30.4,,31.7,梨花女子大学,2022
Sweden,335,Europe,19.9,7.3,80,24.3,27.1,11.5,,31.7,乌梅大学,2022
Germany,336,Europe,24.9,46.7,5,55.7,43.2,51.5,,31.7,斯图加特大学,2022
United Kingdom,337,Europe,19.3,10.4,24.4,56.4,70.4,60.8,,31.7,东英吉利大学（UEA）,2022
United States,338,North America,16.6,11.4,54.9,45.2,56.4,16.7,,31.7,夏威夷大学马诺亚分校,2022
Finland,339,Europe,16.2,8.5,86.3,22,36.5,5.2,,31.7,于韦斯屈莱大学,2022
United States,340,North America,16,8.5,68.5,40.1,33,10.1,,31.7,犹他大学,2022
United States,341,North America,2.8,3.8,97,49.8,,10.6,,31.6,耶什华大学,2022
France,342,Europe,43.6,12,11.8,37.4,26.4,30.8,,31.5,格勒诺布尔阿尔卑斯大学（UGA）,2022
Czech Republic,343,Europe,6.4,8.1,99.4,18.5,23.9,63.7,,31.5,布拉格化学技术研究所,2022
United Kingdom,344,Europe,13.6,4.2,14.5,63.4,97.8,98,,31.4,伦敦的伯克贝克学院，大学,2022
Germany,345,Europe,7.9,5.2,82.3,38.2,44.5,24.1,,31.4,乌尔姆大学,2022
United Kingdom,346,Europe,21.3,10.3,35.4,21.4,100,100,,31.1,SOAS伦敦大学东方与非洲研究学院,2022
United States,347,North America,20,11.3,7.3,70,82.3,43.4,,31.1,纽约州立大学布法罗分校,2022
United Arab Emirates,348,Asia,19.4,31.7,34.4,15.2,100,100,,31,美国沙迦大学,2022
Russia,349,Europe,11.7,24.9,100,1.4,15.7,51.5,,31,莫斯科国际关系研究所,2022
United Kingdom,350,Europe,19.3,21.4,10,45.5,94.8,99.6,,30.9,伦敦大学城市学院,2022
India,351,Asia,30,35,16.4,60.1,1.5,1.2,,30.9,印度理工学院坎普尔分校,2022
Brunei,352,Asia,11.5,9.1,91.5,7.8,99.3,7.6,6,30.9,文莱理工大学,2022
United States,353,North America,27.2,26.2,31.6,33.6,36.6,44.1,,30.8,乔治华盛顿大学,2022
Denmark,354,Europe,19.6,20.3,36.1,39.9,85.4,26.4,,30.8,丹麦南部大学,2022
Pakistan,355,Asia,16,54.1,77.8,10.6,3.3,5,,30.5,国立科技大学（NUST）伊斯兰堡,2022
Germany,356,Europe,35,28.7,38.1,19.1,30.3,7.8,,30.3,威廉姆斯大学明斯特,2022
Kazakhstan,357,Asia,16.9,16.1,96.9,1.5,25.3,6.1,,30.2,国立欧亚大学 (ENU) ,2022
Portugal,358,Europe,38.6,21.5,12.9,38.1,7.3,37.9,,30.2,里斯本大学,2022
Portugal,359,Europe,37,22.5,14.1,44.8,5.3,18.1,,30.2,波尔图大学,2022
Russia,360,Europe,11.9,16.1,91.2,7.7,24.9,50.7,,30.1,ITMO大学,2022
Norway,361,Europe,30.9,22.6,28.6,26.8,72.7,10.8,,30.1,挪威科技大学,2022
Austria,362,Europe,11.3,21,66.9,23.9,77.7,23.3,,30,林茨大学,2022
Sweden,363,Europe,20.4,22.2,27.8,49.7,63.9,15.6,,30,林雪平大学,2022
United States,364,North America,20.1,12.9,23.1,36.5,76.3,95.1,,30,东北大学,2022
Japan,366,Asia,11,5.4,100,20.1,2.8,15.3,,30,东京医科齿科大学,2022
Macau SAR,367,Asia,11.2,6.2,22.4,51.8,100,96.2,5,30.9,澳门大学,2022
United Kingdom,368,Europe,10.7,16.1,13.1,55.6,99.6,98.1,,30.7,布鲁内尔大学,2022
Netherlands,369,Europe,15.1,37.5,13.9,52.1,89,42.5,,30.7,蒂尔堡大学,2022
Russia,370,Europe,18.2,7.5,82.7,4.3,9.2,69,6,30.5,喀山联邦大学,2022
Canada,371,North America,16.5,11.4,4,64.5,91.9,65.3,,30.5,维多利亚大学,2022
Australia,372,Oceania,14.8,16.9,16.6,42.3,98.1,91.7,,30.4,斯温本科技大学,2022
Pakistan,373,Asia,5.3,6.4,95.3,35.9,,,,30.2,巴基斯坦工程与应用科学研究所（PIEAS）,2022
United States,374,North America,20.9,8.6,33.2,35.9,48.7,72,,30.2,石溪大学,2022
Oman,375,Asia,13.2,13.1,73,12.6,100,3.8,,30.1,苏丹卡布斯大学,2022
New Zealand,376,Oceania,19.6,16.1,10.7,41.4,96.8,85.3,5,30.1,怀卡托大学,2022
China (Mainland),377,Asia,23.6,4.9,30.4,59,18.3,6.8,,30,南开大学,2022
Argentina,378,Latin America,8.9,10.1,87.6,1.2,32.1,97.1,,30,巴勒莫大学,2022
Malaysia,379,Asia,16.4,60.7,41.3,4.5,52,86.1,5,28.9,泰莱大学,2022
Brazil,380,Latin America,51.3,20.2,16,12.7,5.9,1.9,,28.8,里约热内卢联邦大学,2022
United Kingdom,381,Europe,20.7,10,20.5,37.1,97.8,59.4,,28.8,肯特大学,2022
United States,382,North America,6.7,7.6,100,19.6,8.2,16.3,,28.8,维克森林大学,2022
India,383,Asia,13.8,19,11.7,92.7,1.1,2.7,,28.7,印度理工学院鲁尔基分校,2022
United Kingdom,384,Europe,27.1,57,14.1,13.1,64.4,65.9,,28.7,牛津布鲁克斯大学,2022
Italy,385,Europe,42.6,18.1,9.5,36.2,5.9,4.9,,28.7,比萨大学,2022
United States,386,North America,15.9,14.7,76.5,16,32.7,11.8,,28.7,堪萨斯大学,2022
New Zealand,387,Oceania,8.6,7.8,43.3,28.8,96.8,99.5,5,28.6,林肯大学,2022
China (Mainland),388,Asia,24.5,8.7,56.5,19.3,45.8,6,,28.6,上海大学,2022
Taiwan,389,Asia,9.9,12,84.8,22.4,20,16.1,,28.6,台北医科大学,2022
China (Mainland),390,Asia,18.3,3.9,22.8,77.5,8.3,4.4,,28.6,天津大学,2022
Malaysia,391,Asia,15.1,44.7,55.2,4.4,37,81.3,,28.5,UCSI大学,2022
China (Mainland),392,Asia,20.7,12.5,40.6,49.7,5,8.4,,28.4,北京理工大学,2022
South Korea,393,Asia,12.2,26.7,81.6,2.2,37.1,41.9,,28.4,韩国外国语大学,2022
Italy,394,Europe,33.9,13.9,5.9,59.7,2.8,1.1,,28.4,那不勒斯腓特烈二世大学,2022
Italy,395,Europe,3.9,1.6,99.6,31.3,2.6,4,,28.4,维多利亚大学圣拉斐尔大学,2022
China (Mainland),396,Asia,20,31.7,16.2,63.8,12.6,5.5,,28.2,华中科技大学,2022
Philippines,397,Asia,34.1,40.8,48.4,2.4,1.4,1.4,,28.2,菲律宾大学,2022
Australia,398,Oceania,20,22.4,7.8,32.6,96.4,96.8,6,28.1,乐卓博大学,2022
France,399,Europe,42.8,6.7,6.8,23.4,40.5,40.8,,28.1,斯特拉斯堡大学,2022
United States,400,North America,8.6,6.5,100,15.4,4.3,10.9,,28.1,科罗拉多大学丹佛分校,2022
Russia,401,Europe,11.4,9.8,81.4,4.3,18,84.9,,28,圣彼得堡国立政治大学,2022
Russia,402,Europe,10.1,11.9,83.4,6.9,11,80,,28,托木斯克理工大学,2022
South Korea,403,Asia,13.6,28.4,74.4,11.9,14.8,28.4,,27.9,中央大学,2022
Germany,404,Europe,22,14.2,53.4,20.8,32.8,20.1,,27.9,美因茨大学,2022
Japan,405,Asia,24.4,34.8,52.8,15.5,7.2,9.7,,27.9,神户大学,2022
Italy,406,Europe,27.5,11.8,15.7,54.7,24.4,6,,27.9,特伦托大学,2022
South Africa,407,Africa,25.2,28.8,12.6,38.2,82.6,10.2,,27.9,威特沃特斯兰德大学,2022
Finland,408,Europe,16.5,16.9,31.8,49.4,52,8.1,,27.7,奥卢大学,2022
"Iran, Islamic Republic of",409,Asia,11.9,27.4,9.8,87.9,4.5,2.7,,27.6,谢里夫理工大学,2022
Finland,410,Europe,25.6,23.4,26,38.7,31.3,7.1,,27.6,坦佩雷大学,2022
Egypt,411,Africa,24.6,28.4,43.5,5.8,93.1,3.1,,27.5,开罗美国大学,2022
United Kingdom,412,Europe,18.7,9,11.2,33.9,99.6,99.2,,27.5,埃克塞斯大学,2022
United States,413,North America,27.9,19,15.7,38,61.3,9.2,,27.5,华盛顿州立大学,2022
Australia,414,Oceania,4.4,8.2,52.7,21.5,98.3,98.9,5,27.4,邦德大学,2022
United States,415,North America,10.7,5.7,86.6,16.5,14.7,20,,27.4,杜兰大学,2022
United Kingdom,416,Europe,20,8.7,18.3,26.7,86.7,96.4,,27.2,伦敦大学金史密斯学院,2022
Taiwan,417,Asia,25,18.2,33.8,36.1,15.6,10.2,,27.2,国立中山大学,2022
United States,418,North America,19.9,4.5,7.9,67.8,55.8,14.8,,27.2,加州大学圣克鲁兹分校,2022
Norway,419,Europe,13.2,2.3,75.3,12.1,72.5,8.9,,27.2,特罗姆瑟大学,2022
Canada,420,North America,20.1,23.5,30.1,28.9,69.1,30.8,,27.1,拉瓦尔大学,2022
Brazil,421,Latin America,11.4,4.6,96.9,10.8,6.2,1.7,,27.1,圣保罗联邦大学（UNIFESP）,2022
Australia,423,Oceania,14.1,8,6,47.8,96.7,95.6,,27,佛林德斯大学,2022
Lithuania,424,Europe,19.6,21.6,74.6,5.9,10.9,4.9,,27,维尔纽斯大学,2022
France,425,Europe,32,5.2,34.5,10.7,49.6,37.8,,26.9,波尔多大学,2022
United States,426,North America,16.2,6.1,15.5,51.4,23,99.6,,26.8,伊利诺伊理工学院,2022
Colombia,427,Latin America,34.5,81,19.4,2.6,5.1,1.9,,26.8,哈韦里亚纳主教大学,2022
Russia,428,Europe,9.1,14.4,73.8,10.1,15.7,75.9,,26.6,国立科技大学“MISIS”,2022
Portugal,429,Europe,26.2,25.9,27.2,21.6,25.6,47.1,,26.6,新里斯本大学,2022
Switzerland,430,Europe,9.5,59.8,8.3,30.4,100,83,,26.6,圣加仑大学（HSG）,2022
Portugal,431,Europe,28.6,12.6,16,37.1,10,50.4,5,26.5,科英布拉大学,2022
Czech Republic,432,Europe,18.4,38.9,49.5,7.5,24.4,48.1,,26.4,捷克技术大学在布拉格,2022
Peru,433,Latin America,36.6,62.7,23.4,1.9,4.6,1.7,,26.4,秘鲁天主大学,2022
Italy,434,Europe,34.4,6.5,7.5,44.4,8.5,21.2,,26.4,佛罗伦萨大学,2022
United States,435,North America,11.5,30.5,16.2,74.4,5.5,3.5,,26.4,田纳西大学,2022
China (Mainland),436,Asia,25.9,7,25.3,48.1,6.6,4.1,,26.4,厦门大学,2022
New Zealand,437,Oceania,20.4,21.6,13.5,15.1,100,100,5,26.2,奥克兰理工大学,2022
Germany,438,Europe,15.8,5.1,5.9,75.4,47.4,11.1,,26.2,维多利亚州立大学,2022
Ireland,439,Europe,16.7,28.4,35.9,15.5,68.5,45,,26,都柏林城市大学,2022
Germany,440,Europe,22.6,14.7,2.2,59.8,27.4,32.3,,26,鲁尔大学波鸿,2022
Malaysia,441,Asia,15,30.8,32.5,25.6,83,22.5,,26,国油大学（Petronas）,2022
South Africa,442,Africa,12.9,19.7,43.2,16.6,86.8,49,,26,约翰内斯堡大学,2022
United States,443,North America,18.3,16.8,54.3,21.3,24.8,6.8,,25.9,科罗拉多州立大学,2022
Argentina,444,Latin America,13.4,35.3,79.5,2.1,6,5.4,,25.9,奥斯特拉尔大学,2022
Germany,445,Europe,23.5,7.3,33.9,22.4,63.9,24.1,,25.9,康斯坦茨大学,2022
Israel,446,Asia,15.5,15.3,15.5,52.5,67.6,18.8,,25.8,本·古里安大学,2022
United States,447,North America,11.6,6.2,47.5,30.3,16.8,80.5,,25.8,布兰迪斯大学,2022
China (Mainland),448,Asia,18.1,4.3,14.3,73.7,4,3.6,,25.8,北京科技大学,2022
China (Mainland),449,Asia,15,4.9,27.4,64.3,9,5.9,,25.7,北京航空航天大学,2022
United States,450,North America,16.5,7.1,11.7,57.6,69.2,10.4,,25.7,加州大学河滨分校,2022
Spain,451,Europe,28.4,53.5,21.5,12.5,3.4,34.5,,25.6,马德里理工大学,2022
Germany,452,Europe,11.6,5.3,74.6,12,15.9,42.9,,25.6,萨尔大学,2022
Belgium,453,Europe,18.3,19.9,22.7,32.8,47.9,53.8,,25.6,列日大学,2022
United States,454,North America,22.6,19.7,37,24.1,22.7,19.5,,25.5,波士顿学院,2022
Pakistan,455,Asia,13.7,22.7,2.4,84.5,3.2,1.5,,25.5,奎德阿萨姆大学,2022
South Korea,456,Asia,9.9,8.7,81.1,10.7,11.5,30.3,,25.4,东国大学,2022
United States,457,North America,26.8,46.6,12.9,31.3,15.7,4.8,,25.4,佛罗里达州立大学,2022
Belgium,458,Europe,3.8,3.4,74,21.5,60.2,25.3,,25.4,哈瑟尔特大学,2022
South Africa,459,Africa,25.3,26.9,3.9,49.6,25.1,10,,25.4,斯泰伦博斯大学,2022
South Korea,460,Asia,5,2.4,96.2,16.9,2.6,4.7,,25.4,韩国加图立大学,2022
Australia,461,Oceania,15,12,4,41.9,98.2,78.4,,25.4,堪培拉大学,2022
Australia,462,Oceania,14.2,11,8.1,48.5,90,51.6,5,25.3,詹姆斯库克大学（JCU）,2022
China (Mainland),463,Asia,12.6,3.3,18.8,75.6,13.6,5.2,,25.3,华南理工大学,2022
Uruguay,464,Latin America,9.8,16.8,89.9,1.4,24.3,2,,25.3,乌拉圭大学,2022
Turkey,465,Asia,16.6,30.7,47.5,19.5,32.8,6.8,,25.2,科什大学,2022
Taiwan,466,Asia,21.3,18.2,32.8,31.4,15.4,22.1,,25.2,国立中央大学,2022
Argentina,467,Latin America,6.5,18.2,91,1.1,7,36.5,,25.2,贝尔格拉诺大学,2022
Canada,468,North America,11.7,8.9,26.5,38.7,76.6,51.3,,25.2,萨斯喀彻温大学,2022
Japan,469,Asia,6,2.4,99.9,10.2,4.5,2.5,,25.2,横滨市立大学,2022
India,470,Asia,11.9,15,15.9,77.2,,1.4,,25.1,印度理工学院古瓦哈提分校,2022
Finland,471,Europe,7,15.4,20.4,64.3,47.6,25.5,,25.1,拉彭兰塔理工大学,2022
Germany,472,Europe,13.5,5,84.1,8.1,,11.5,,25.1,哈勒-维滕贝格大学,2022
United States,473,North America,9.6,7.6,24.9,60.3,14.7,52.4,,25.1,伦斯勒理工学院,2022
United Kingdom,474,Europe,13.5,14,35.1,23.5,72.8,53.8,,25,斯旺西大学,2022
Saudi Arabia,475,Asia,12.8,7.7,62.4,2.3,100,20.5,,25,乌尔库拉大学（UQU）,2022
Australia,476,Oceania,19,24.4,7.7,26.4,100,59.1,5,25,西悉尼大学,2022
"Iran, Islamic Republic of",477,Asia,5,18.3,5.6,96,8.2,2.4,,24.8,阿米尔卡比尔技术大学,2022
Canada,478,North America,14.7,33.8,4.2,30.3,79.6,91.2,,24.8,康考迪亚大学,2022
Greece,479,Europe,18.5,37.2,7.2,58.3,1.5,6.8,,24.8,雅典国立科技大学,2022
Cyprus,480,Asia,9.3,3.2,6.5,70.7,78.7,25.5,,24.8,塞浦路斯大学,2022
Ukraine,481,Europe,11.2,15.9,72.9,1.9,1.4,70.9,,24.8,V.N.卡拉津哈尔科夫国立大学,2022
United States,482,North America,10.2,5.3,73.5,20.4,16.2,9,,24.8,韦恩州立大学,2022
Germany,483,Europe,25,7.2,53.3,11.2,,18.2,,24.7,莱比锡大学,2022
United States,484,North America,16,14.5,46,22.5,46.2,5.5,,24.7,密苏里大学,2022
United Kingdom,485,Europe,9.6,5.7,25.6,46.1,57.1,57.6,,24.6,阿伯斯威大学,2022
China (Mainland),486,Asia,15.5,18.6,20.9,57.4,10,4.6,,24.6,山东大学,2022
United Kingdom,487,Europe,11.1,13.7,19.2,38.6,71.4,69.7,5,24.6,斯特灵大学,2022
Japan,488,Asia,15,6.1,70,15.7,6.9,5.9,,24.5,千叶大学,2022
Taiwan,489,Asia,12.7,33.1,34.6,33.5,24.9,21.1,,24.5,国立台北理工大学,2022
Kazakhstan,490,Asia,8.1,7.5,88.9,1,21.4,23.8,,24.4,南哈萨克斯坦国立大学（SKSU）,2022
South Korea,491,Asia,16.8,40.6,43.3,12.9,10.1,27.5,,24.4,西江大学,2022
Uruguay,492,Latin America,12.7,16.5,79.9,1.2,20.6,3.6,,24.3,蒙得维的亚大学,2022
Taiwan,493,Asia,4.7,4.2,59.6,46.6,3.1,7,,24.2,长庚大学,2022
Russia,494,Europe,6.3,3.1,85.4,2.3,18.7,56,,24.2,远东联邦大学,2022
China (Mainland),495,Asia,14.9,23.1,49.9,25.2,12.4,3.2,,24.2,吉林大学,2022
China (Mainland),496,Asia,12.2,3.9,35.8,54.3,9.9,4.8,,24.2,东南大学,2022
Brazil,497,Latin America,30.8,16.9,32,16.2,5.3,2.1,,24.2,圣保罗州立大学,2022
Cuba,498,Latin America,16,25.8,70.5,2.4,2.4,5.5,,24.1,哈瓦那大学,2022
United States,499,North America,16.8,7.3,31.5,35,32.6,18.7,,23.9,俄勒冈州立大学,2022
Spain,500,Europe,9.8,13.2,58.6,10.6,22.4,70.6,,23.9,阿尔卡拉大学,2022
Finland,501,Europe,14.7,9,42.9,33.5,25.8,7.3,,23.9,东芬兰大学,2022
Germany,502,Europe,18.6,,51.6,19,,,,-,基尔大学（德国）,2022
China (Mainland),503,Asia,,,31.9,31.6,72.8,26.3,,-,华东师范大学,2022
Japan,504,Asia,18,77.8,26.5,,22,20.7,,-,一桥大学,2022
United States,505,North America,23.8,28.4,,36.7,,,,-,佐治亚大学,2022
Spain,506,Europe,37.3,,,22.6,,18.9,,-,格拉纳达大学,2022
Chile,507,Latin America,34.6,60.8,,,,,,-,智利圣地亚哥大学,2022
Spain,508,Europe,19.9,,57.4,,,,,-,萨拉戈萨大学,2022
Lebanon,509,Asia,,,90.5,,,20.3,,-,巴拉曼大学,2022
United States,510,North America,,,,39,41.7,30,,-,康涅狄格大学,2022
India,511,Asia,34.7,37.8,,19.3,,,,-,德里大学,2022
Hungary,512,Europe,16.8,,52.7,,,60.1,,-,塞格德大学,2022
United Kingdom,513,Europe,,37.5,,27.5,95.8,35.6,,-,阿斯顿大学,2022
Singapore,514,Asia,,20.3,,27.8,100,55.7,,-,新加坡管理大学,2022
Italy,515,Europe,25.1,35.1,30.9,,,,,-,意大利天主教圣心大学,2022
Italy,516,Europe,32.9,,,30,,19.4,,-,罗马第二大学,2022
France,517,Europe,34.8,,,19.8,21.4,23.6,,-,马赛大学,2022
France,518,Europe,20.1,,,39.8,22.3,35,,-,蒙彼利埃大学,2022
Austria,519,Europe,,,47.1,,92.4,73,,-,阿尔卑斯 - 亚德里亚安大学克拉根福,2022
Ireland,520,Europe,,24.9,,28.7,84.7,22.4,5,-,利默里克大学,2022
Poland,521,Europe,24.7,53,27.4,,,,,-,华沙工业大学,2022
Indonesia,522,Asia,24.3,35.3,39.4,,20.7,,,-,艾尔朗加大学,2022
Saudi Arabia,523,Asia,,,74.7,,96,,,-,达曼大学,2022
Russia,524,Europe,,,95.9,,,,,-,车尔尼雪夫斯基的萨拉托夫州立大学,2022
Turkey,525,Asia,,21.4,36.8,19.9,48.3,,,-,萨班斯大学,2022
Italy,526,Europe,31.2,,,36.8,,,,-,都灵大学（UNITO）,2022
Germany,527,Europe,,,34.3,32.3,45.5,25.9,,-,拜罗伊特大学,2022
Hungary,528,Europe,16.2,,41.9,,,88.5,,-,德布勒森大学,2022
Italy,529,Europe,19.6,,,63,,,,-,米兰 - 比卡卡大学,2022
South Korea,530,Asia,,,64.8,32.6,,,,-,蔚山大学,2022
Indonesia,531,Asia,16.6,21.7,47.2,,57.4,,,-,茂物农业大学,2022
South Korea,532,Asia,,,75.9,,,,,-,仁荷大学,2022
Germany,533,Europe,,,,74.8,,,,-,吉森大学,2022
Czech Republic,534,Europe,22.8,22.4,,,30.6,68.5,,-,马萨里克大学,2022
Japan,535,Asia,,,83.2,,,,,-,长崎大学,2022
China (Mainland),536,Asia,,,59.1,33.2,26.9,,5,-,西北工业大学,2022
China (Mainland),537,Asia,16.7,,24.7,42.8,20.7,,,-,四川大学,2022
Cuba,538,Latin America,,,99.6,,,,,-,拉斯维亚斯马尔塔·阿布瑞尤中央大学,2022
Malaysia,539,Asia,,,41.5,,22.6,74.9,,-,马来西亚北方大学,2022
United States,540,North America,,,,45.8,16.9,49.2,,-,德克萨斯大学达拉斯分校,2022
Canada,541,North America,21.4,30.4,,,24.6,74.6,,-,约克大学,2022
United Kingdom,542,Europe,,42.9,,,72.2,99.6,5,-,考文垂大学,2022
France,543,Europe,,25.3,41,,32.1,81.8,,-,国立科学院院校里昂（INSA）,2022
United States,544,North America,19.1,,,44.8,,,,-,爱荷华州立大学,2022
Japan,545,Asia,,,87.1,,,,,-,新泻大学,2022
Japan,546,Asia,,,71.9,,,,,-,大阪市立大学,2022
Kazakhstan,547,Asia,,19.5,69.6,,,,,-,哈萨克斯坦国家技术大学,2022
Germany,548,Europe,20.1,,,27.5,39.9,20.5,,-,不来梅大学,2022
France,549,Europe,,,83.8,,,24,,-,巴黎第二大学,2022
Lebanon,550,Asia,,39.5,44.1,,84,16,,-,圣约瑟夫德贝鲁特大学,2022
United States,551,North America,,,,57.3,35.9,20.5,,-,特拉华大学,2022
South Korea,552,Asia,,,56.8,22.5,,,,-,亚洲大学,2022
Israel,553,Asia,,,,57.4,59.9,,,-,巴伊兰大学,2022
Turkey,554,Asia,18.5,23,,24.8,58.8,,,-,毕尔坎特大学,2022
South Korea,555,Asia,,,87.4,,,,,-,翰林大学,2022
South Korea,556,Asia,,,65.2,,,,,-,建国大学,2022
Lebanon,557,Asia,,36.5,30.9,,96.6,45.6,,-,黎巴嫩美国大学,2022
United States,558,North America,,,37.1,40.6,,39.3,,-,理海大学,2022
Malaysia,559,Asia,,28.1,41.5,,58.1,41.8,5,-,管理与科学大学,2022
Germany,560,Europe,,,62.1,,,30,,-,布伦瑞克工业大学,2022
France,561,Europe,19.8,,46.9,,,27.6,,-,图卢兹第三大学,2022
Australia,562,Oceania,,,,50,45.8,86,,-,维多利亚大学,2022
Egypt,563,Africa,35.9,34.6,,,,,,-,开罗大学,2022
Japan,564,Asia,,,76.1,,,,,-,熊本大学,2022
South Korea,565,Asia,,,49.3,18.6,,,,-,庆北国立大学,2022
United States,566,North America,,,49.1,,,93.3,,-,新学院大学,2022
Thailand,567,Asia,22.4,38.4,33.7,,,,,-,泰国法政大学,2022
Colombia,568,Latin America,,46.4,57.7,,,,4,-,哥伦比亚大学,2022
United States,569,North America,,,,33.2,73.8,31.4,,-,内布拉斯加大学,2022
South Africa,570,Africa,22.7,34.8,,25.4,46,,,-,比勒陀利亚大学,2022
Finland,571,Europe,,,39.4,27.9,41.5,16.6,,-,阿科美大学,2022
Russia,572,Europe,,,79.4,,,37.9,,-,阿尔泰州立大学,2022
Greece,573,Europe,25.3,22.1,,34.8,,,,-,亚里士多德大学,2022
China (Mainland),574,Asia,,,61.9,31.5,,,,-,中国地质大学,2022
Hong Kong SAR,575,Asia,,,24.8,20.8,100,65.8,5,-,岭南大学（香港）,2022
Australia,576,Oceania,,,,38.8,80.5,58.4,5,-,默多克大学,2022
Japan,577,Asia,,,67.3,,,,,-,冈山大学,2022
Costa Rica,578,Latin America,25.5,42.3,30.2,,,,,-,哥斯达黎加大学,2022
Mexico,579,Latin America,,30.2,68.4,,,,4,-,泛美大学（UP）,2022
Canada,580,North America,,28.3,,38.4,49.8,,,-,圭尔夫大学,2022
United States,581,North America,16.1,19.2,,35.5,47.5,,,-,南卡罗来纳大学,2022
United States,582,North America,,,33.4,42.3,,57.1,,-,克拉克大学,2022
Austria,583,Europe,19.8,,,18.7,50.2,33,,-,格拉茨大学,2022
United Kingdom,584,Europe,,,,,74.1,97.1,,-,金斯顿大学,2022
Taiwan,585,Asia,18.6,30.1,28.9,,,53.8,,-,国立政治大学,2022
South Korea,586,Asia,18.7,,27.2,25,,,,-,釜山国立大学,2022
China (Mainland),587,Asia,23.7,39.2,,,,,,-,中国人民大学,2022
Spain,588,Europe,32.7,,,,,,,-,塞维利亚大学,2022
Portugal,589,Europe,,,,56.7,,,,-,阿威罗大学,2022
United States,590,North America,,,,38.9,37.8,30.3,,-,南佛罗里达大学,2022
Australia,591,Oceania,,,,,94.8,98.5,5,-,中央昆士兰大学,2022
China (Mainland),592,Asia,,,,62.5,,,,-,大连理工大学,2022
South Korea,593,Asia,,,53.5,,,,,-,全北国立大学,2022
Japan,594,Asia,,,63,,,,,-,金泽大学,2022
Kazakhstan,595,Asia,,,62,,30.5,18.4,,-,哈萨克斯坦国家农业大学,2022
Czech Republic,596,Europe,,,42.7,,35.4,18.8,,-,帕拉茨基大学奥洛穆茨,2022
Russia,597,Europe,,,80.8,,,18,4,-,萨马拉国立航空航天大学,2022
Russia,598,Europe,,,75.5,,,24.5,,-,南联邦大学,2022
Spain,599,Europe,28.6,,,23.2,,,,-,瓦伦西亚大学,2022
Portugal,600,Europe,,,42.6,,24.5,18,,-,米尼奥大学,2022
"Iran, Islamic Republic of",601,Asia,20.3,22.1,,43.6,,,,-,德黑兰大学,2022
United Arab Emirates,602,Asia,,18,,,100,100,,-,迪拜美国大学,2022
Philippines,603,Asia,,36.6,40.2,,,,,-,马尼拉雅典耀大学,2022
United Kingdom,604,Europe,,,,33.8,57.5,60.8,,-,班戈大学,2022
Canada,605,North America,,,,43.3,33.5,47.3,,-,卡尔顿大学,2022
Thailand,606,Asia,30,25.9,,,,,4,-,清迈大学,2022
United States,607,North America,,,34.1,30.6,,23.4,,-,德雷塞尔大学,2022
China (Mainland),608,Asia,,,,59.3,,,,-,华东理工大学,2022
Hungary,609,Europe,23.4,,,,,25.5,,-,匈牙利罗兰大学,2022
Japan,610,Asia,,,76.1,,,,,-,岐阜大学,2022
Lebanon,611,Asia,,,47.7,,98.7,35.1,,-,卡斯里克的圣灵大学,2022
China (Mainland),612,Asia,,,,63.6,,,,-,湖南大学,2022
India,613,Asia,,,31,54.1,,,,-,印度理工学院海得拉巴,2022
Argentina,614,Latin America,,25.5,54.7,,19.7,18.5,,-,布宜诺斯艾利斯理工学院,2022
Malaysia,615,Asia,18.8,,,,27.2,65.6,,-,马来西亚国际伊斯兰大学（IIUM）,2022
"Iran, Islamic Republic of",616,Asia,,,,78.3,,,,-,科学技术大学伊朗,2022
Georgia,617,Asia,,,81.7,,,,,-,伊瓜恩Javakhishvili第比利斯州立大学,2022
China (Mainland),618,Asia,,,,42.1,51,86.1,,-,暨南大学,2022
Kazakhstan,619,Asia,,,57.2,,32,,4,-,哈萨克斯坦国家教育大学,2022
Saudi Arabia,620,Asia,,,53.2,,100,,,-,哈立德国王大学,2022
Italy,621,Europe,,,,39,95.7,32.6,,-,博尔扎诺自由大学,2022
Russia,622,Europe,,,68.9,,,19,,-,下诺夫哥罗德国立大学,2022
United States,623,North America,,,27.4,40.4,,21.5,,-,密歇根理工大学,2022
Turkey,624,Asia,23.3,39.3,,19.9,,,,-,中东技术大学,2022
United States,625,North America,,,,57.8,62.6,16,5,-,密苏里科技大学,2022
Taiwan,626,Asia,,,27.1,22.9,,,,-,国立中兴大学,2022
China (Mainland),627,Asia,,,61.4,,,,,-,深圳大学,2022
United States,628,North America,,,72.5,,,23.3,,-,史密斯学院,2022
Bulgaria,629,Europe,,,53.4,,,,,-,索非亚大学“圣克拉门特奥尔希斯基”,2022
United States,630,North America,,19.8,,20.7,,56.3,,-,雪城大学,2022
Ukraine,631,Europe,,28.8,42.1,,,,,-,基辅舍夫琴科基辅共和国国立大学,2022
Japan,632,Asia,,,70.7,,,,,-,德岛大学,2022
Japan,633,Asia,,,,48.8,,,,-,东京农工大学,2022
United Kingdom,634,Europe,,,,19.3,99.4,16.1,,-,阿尔斯特大学,2022
Chile,635,Latin America,23.1,40.8,,,,,,-,德翁大学,2022
Spain,636,Europe,24.7,,,,,28.1,,-,萨拉曼卡大学,2022
Italy,637,Europe,22.2,,,36.2,,,,-,帕维亚大学,2022
Spain,638,Europe,,44.2,,,94.3,38,,-,拉曼·鲁尔大学,2022
Germany,639,Europe,,,55.4,,,,,-,雷根斯堡大学,2022
Switzerland,640,Europe,,,,27.2,100,48.7,,-,弗里堡大学 ,2022
Canada,641,North America,22.6,18.9,,25.7,42.9,,,-,魁北克大学,2022
France,642,Europe,,,,26.4,60.8,50.8,,-,蔚蓝海岸大学,2022
United Kingdom,643,Europe,,,,23.9,46.3,79.4,,-,布拉德福德大学,2022
United States,644,North America,,,30.8,28.9,,,,-,辛辛那提大学,2022
United Kingdom,645,Europe,,,,28.1,63.2,46.1,,-,赫尔大学,2022
Jordan,646,Asia,24.4,34.1,,,22.9,32.1,5,-,约旦大学,2022
United States,647,North America,,,25.3,31.9,18,,,-,肯塔基大学,2022
Slovenia,648,Europe,19.7,,41.4,,,,,-,卢布尔雅那大学,2022
Canada,649,North America,,,42.7,,,32.3,,-,曼尼托巴大学,2022
United States,650,North America,,,24.1,30.8,,,,-,新墨西哥大学,2022
United States,651,North America,16.3,,,27.8,,16.7,,-,俄勒冈大学,2022
United Kingdom,652,Europe,,18.1,,,76.3,74.7,5,-,朴茨茅斯大学,2022
United Arab Emirates,653,Asia,,,,,100,100,,-,沙迦大学,2022
United States,654,North America,,,65,21.1,,,,-,佛蒙特大学,2022
United States,655,North America,,18.9,36.2,,,18.7,,-,美利坚大学,2022
Bahrain,656,Asia,,,30.9,,100,37.6,4,-,巴林应用科学大学,2022
China (Mainland),657,Asia,,,45.1,22,,,,-,北京工业大学,2022
Turkey,658,Asia,18.6,37.6,,21.6,,,,-,Bogaziçi大学,2022
Czech Republic,658,Europe,,30.1,25.7,,,63.5,,-,布尔诺工业大学,2022
China (Mainland),659,Asia,,,,62.3,,,,-,中南大学,2022
United States,660,North America,28.6,,,,,,,-,纽约市立大学,2022
Australia,661,Oceania,,,,20.3,62.1,88.2,,-,埃迪斯科文大学,2022
United States,662,North America,,,66.5,,,,,-,霍华德大学,2022
India,663,Asia,,,,45.8,,,,-,贾达福布尔大学,2022
Jordan,664,Asia,,22.7,26.1,,,36.1,,-,约旦科技大学,2022
Japan,665,Asia,,,71.1,,,,,-,鹿儿岛大学,2022
Pakistan,666,Asia,,51.7,25.8,,,,,-,拉合尔管理科学大学（LUMS）,2022
Germany,667,Europe,20.3,19.3,,,30.9,37.7,,-,汉诺威大学,2022
Greece,668,Europe,21.5,26,,25.3,,,,-,雅典大学,2022
Ukraine,669,Europe,,,67.9,,,,,-,国立技术大学“哈尔科夫理工学院”,2022
United Kingdom,670,Europe,,21.9,,18.6,45.2,48.3,5,-,诺森比亚大学,2022
India,671,Asia,,21.2,53.4,,30.6,,,-,金达尔环球大学,2022
Japan,672,Asia,,,55.9,19,,,,-,大阪府立大学,2022
Slovakia,673,Europe,,,63.2,,,58.5,,-,Pavol Josef Safarik大学,2022
Germany,674,Europe,,,,33.3,16.9,26.5,,-,菲利普斯大学马堡,2022
Brazil,675,Latin America,26.2,,,,,,,-,里约热内卢天主大学,2022
India,676,Asia,,,48.6,,,,,-,浦那大学,2022
South Korea,677,Asia,,20.7,,26.5,24.3,20.1,,-,世宗大学,2022
China (Mainland),678,Asia,,,,50.8,,,,-,苏州大学,2022
Estonia,679,Europe,,,27,,37.3,28,,-,塔林理工大学,2022
Japan,680,Asia,,,37.8,19.5,,,,-,东京都大学,2022
Mexico,681,Latin America,,33.1,50.9,,,,,-,阿纳瓦克大学,2022
Colombia,682,Latin America,24.9,53.3,,,,,4,-,德安蒂奥基亚大学,2022
Colombia,683,Latin America,,,65.3,,,,,-,ICEI大学,2022
Argentina,684,Latin America,30,,,,,,,-,拉普拉塔国立大学,2022
Colombia,685,Latin America,,26.9,55.9,,,,,-,宗座大学玻利瓦尔,2022
Spain,686,Europe,,43.9,38.6,,16.4,,5,-,科米利亚斯主教大学,2022
Argentina,687,Latin America,,30.4,24,,28.7,55.6,,-,托尔夸托迪特利亚大学,2022
Brazil,688,Latin America,27.7,,,,,,,-,米纳斯吉拉斯联邦大学,2022
Italy,689,Europe,16.3,,,33.7,,,,-,热那亚大学,2022
Italy,690,Europe,,,,43.1,,19.6,,-,锡耶纳大学,2022
Germany,691,Europe,,,,48.7,18.9,27.4,,-,霍恩海姆大学,2022
Malaysia,692,Asia,22.7,49.3,,,,,,-,玛拉工艺大学,2022
United States,693,North America,,,50.4,19.1,,,,-,丹佛大学,2022
India,694,Asia,,,,43.1,,,,-,海得拉巴大学,2022
United States,695,North America,,,,33.7,,24.2,,-,马萨诸塞大学，波士顿,2022
Belgium,696,Europe,,,,53.4,31.5,32.3,,-,蒙斯大学,2022
United States,697,North America,,,26.4,32.3,26.6,,,-,俄克拉荷马大学,2022
Hungary,698,Europe,,,38.5,,,70,,-,佩奇大学,2022
United Kingdom,699,Europe,,,,31.3,50.1,28.6,,-,普利茅斯大学,2022
United Kingdom,700,Europe,,,,,79.3,100,,-,威斯敏斯特大学,2022
Lithuania,701,Europe,,19.1,37.8,,,18.7,,-,维尔纽斯Gediminas技术大学,2022
United States,702,North America,,,46.2,19.9,,,,-,弗吉尼亚联邦大学,2022
United States,703,North America,,,36.1,22,,,,-,威廉玛丽学院,2022
United Arab Emirates,704,Asia,,,,,100,100,5,-,阿布扎比大学,2022
United Arab Emirates,705,Asia,,,,,100,100,3,-,阿治曼科技大学,2022
Australia,707,Oceania,,,,26.7,58.9,88.9,,-,查尔斯达尔文大学,2022
China (Mainland),708,Asia,,,25.2,42.1,,,,-,中国农业大学,2022
South Korea,709,Asia,,,35.5,22.5,,,,-,全南国立大学,2022
Slovakia,710,Europe,,,44.4,,,24.5,,-,科米诺斯大学在布拉迪斯拉发,2022
Japan,711,Asia,,,61.3,,,,,-,群马大学,2022
Mexico,712,Latin America,18,46.8,,,,,3,-,民族工业学院(IPN),2022
Mexico,713,Latin America,,45,,,55.8,,,-,墨西哥自治大学（ITAM）,2022
United States,714,North America,,,,23,41.3,,5,-,堪萨斯州立大学,2022
Taiwan,715,Asia,,,42.5,23.8,,,,-,高雄医科大学,2022
United Kingdom,716,Europe,,,24.5,25.6,49.2,34.3,,-,基尔大学,2022
Lebanon,717,Asia,,30.7,,,46.6,35,,-,黎巴嫩大学,2022
United States,718,North America,,,,38.8,,,,-,路易斯安那州立大学,2022
Macau SAR,719,Asia,,,,19.2,100,100,,-,澳门科技大学,2022
Ireland,720,Europe,,,,18.9,83.3,19.4,,-,梅努斯大学,2022
Canada,721,North America,,,,26.7,30.4,59.1,,-,纽芬兰纪念大学,2022
Czech Republic,722,Europe,,,42,,,50.7,,-,孟德尔大学,2022
United Kingdom,723,Europe,,,,,86.4,79.3,,-,米德塞斯大学,2022
China (Mainland),724,Asia,,,,44.2,,,,-,南京理工大学,2022
Ukraine,725,Europe,,26.1,41.1,,,,,-,乌克兰国立技术大学“基辅理工学院”,2022
Lebanon,726,Asia,,23.4,26.4,,84.9,25.9,,-,巴黎圣母院大学卢瓦兹分校,2022
Latvia,727,Europe,,19.8,28.2,,16,37.5,5,-,里加技术大学,2022
Russia,728,Europe,,,58.6,,,50.7,,-,圣彼得堡电工大学,2022
United States,729,North America,,,41.3,,,27.6,,-,南卫理公会大学,2022
United States,730,North America,,,,32.1,42.7,95.5,,-,史蒂文生理工学院,2022
Ukraine,731,Europe,,,55.7,,,52.5,,-,苏梅州立大学,2022
Malaysia,732,Asia,,28.4,36.2,,42.1,23.8,5,-,双威大学,2022
United States,733,North America,,,,20.8,,,,-,天普大学,2022
Chile,734,Latin America,,63.2,,,39.8,,,-,阿道夫·伊瓦涅斯大学,2022
Argentina,735,Latin America,,25.7,54.5,,,,,-,圣安德烈斯大学,2022
Mexico,736,Latin America,,41.7,25.4,,,,4,-,伊比利亚美洲大学,2022
Peru,737,Latin America,,,51.9,,,,,-,卡耶塔诺·埃雷迪亚大学,2022
Spain,738,Europe,20,,,22.1,,,,-,孔波斯特拉大学,2022
Brazil,739,Latin America,25.5,,,,,,,-,联邦大学里约热内卢大学,2022
Italy,740,Europe,,,,41.4,,,,-,的里雅斯特大学,2022
Germany,741,Europe,,,52.6,,,16,,-,罗斯托克大学,2022
France,742,Europe,19.6,,,22.5,,,,-,里昂第一大学,2022
Canada,743,North America,,18,25.1,19.7,59.1,,,-,舍布鲁克大学,2022
Malaysia,744,Asia,,,37,,18.9,18.8,,-,国家能源大学,2022
United States,745,North America,,25.7,,26.5,,,,-,中佛罗里达大学,2022
China (Mainland),746,Asia,,,,58.1,,,,-,电子科技大学,2022
United Kingdom,747,Europe,,,,,87.3,97.9,,-,格林威治大学,2022
Israel,748,Asia,,,32.3,,,,,-,海法大学,2022
United States,749,North America,,,,37.7,,,,-,休斯敦大学,2022
United Kingdom,750,Europe,,19.8,,,62.7,72.9,5,-,哈德斯菲尔德大学,2022
United States,751,North America,,,,36.3,,,,-,马里兰大学，巴尔的摩县,2022
Australia,752,Oceania,,,,25.3,72.6,43.4,5,-,南昆士兰大学,2022
United States,753,North America,,,,34.8,24.2,48.7,,-,伍斯特理工学院,2022
United Arab Emirates,754,Asia,,,30.7,,100,,4,-,扎耶德大学,2022
China (Mainland),755,Asia,,,,25.7,,,,-,北京交通大学,2022
United Kingdom,756,Europe,,,,21.3,80.6,45.2,5,-,伯恩茅斯大学,2022
China (Mainland),757,Asia,,,,44,,,,-,重庆大学,2022
South Korea,758,Asia,,,34.6,,,,,-,忠南国立大学,2022
United States,759,North America,,,,38.5,30,,,-,克拉克森大学,2022
South Korea,760,Asia,,,59.4,,,,,-,檀国大学,2022
United States,761,North America,,22,,,24.5,,,-,佛罗里达国际大学,2022
United States,762,North America,,19.4,,30.5,,,,-,佐治亚州立大学,2022
United States,763,North America,,,34.1,,22.1,,,-,印第安纳大学与普渡大学印第安纳波利斯联合分校,2022
Turkey,764,Asia,16.6,33.1,,,,,,-,伊斯坦布尔理工大学,2022
India,765,Asia,,,49.8,,,,,-,印度国立伊斯兰大学,2022
Kazakhstan,766,Asia,,,37.8,,40.8,,,-,哈萨克斯坦英国技术大学,2022
Kazakhstan,767,Asia,,,30.7,,82.9,19.9,,-,KIMEP大学,2022
United Kingdom,768,Europe,,,,,68.9,92.4,5,-,伦敦南岸大学,2022
India,769,Asia,,,54.5,,,,,-,马尼拉大学,2022
United States,770,North America,,,,24.2,40.1,52.1,,-,新泽西理工学院（NJIT）,2022
China (Mainland),771,Asia,,,47.7,,,,,-,西北大学（中国）,2022
United Kingdom,772,Europe,,24.8,,,52.4,49.1,5,-,诺丁汉特伦特大学,2022
United States,773,North America,,,,19.7,50.8,,5,-,俄克拉荷马州立大学,2022
Austria,774,Europe,,,,25.3,,96.8,,-,帕丽斯·洛德伦萨尔茨堡大学,2022
Russia,775,Europe,,,45.4,,,22.6,5,-,普列汉诺夫俄罗斯经济大学,2022
Italy,776,Europe,,,,50.8,,,,-,巴里理工大学,2022
Saudi Arabia,777,Asia,,,,,100,21.1,5,-,王子穆罕默德本法赫德大学,2022
Spain,778,Europe,,,23.9,30.6,,24.9,,-,罗维拉-威尔吉利大学,2022
United States,779,North America,,,,,32.8,23.5,,-,罗格斯堡 - 新泽西州立大学纽瓦克,2022
Indonesia,780,Asia,,18.1,32.5,,53.7,,,-,泗水理工学院,2022
Australia,781,Oceania,,,,27.7,64.7,73.6,,-,南十字大学,2022
Czech Republic,782,Europe,,,53.1,,16.9,,,-,利伯雷茨技术大学,2022
Japan,783,Asia,,24.3,,23.2,,,,-,东京科技大学,2022
Venezuela,784,Latin America,16.6,46.3,,,,,,-,委内瑞拉中央大学（UCV）,2022
Mexico,785,Latin America,16.1,,32.7,,,,4,-,瓜达拉哈拉大学（UDG）,2022
Colombia,786,Latin America,,47.5,,,,,,-,拉萨瓦纳大学,2022
Ecuador,787,Latin America,,,30.9,,64.6,,,-,旧金山基多大学,2022
Spain,788,Europe,16.7,,30.7,,,,,-,维斯大学大学,2022
Colombia,789,Latin America,,46.6,,,,,4,-,罗萨里奥大学,2022
Italy,790,Europe,18.2,20.7,,,27.6,,,-,威尼斯大学,2022
Italy,791,Europe,,,,50.5,,,,-,艾米利亚大学,2022
Italy,792,Europe,,,,45.7,,,,-,佩鲁贾大学,2022
Germany,793,Europe,,,,20.4,35.7,47.8,,-,杜伊斯堡-埃森大学,2022
Germany,794,Europe,,,30.2,,,18.1,,-,杜塞尔多夫大学,2022
France,795,Europe,26,,,,19.6,21,,-,里尔大学,2022
Malaysia,796,Asia,,,,,43.8,,,-,马来西亚彭亨大学,2022
United States,797,North America,,,,43.2,,,,-,奥尔巴尼纽约州立大学,2022
Italy,798,Europe,,,,51.8,,,,-,布雷西亚大学,2022
Greece,799,Europe,,16.9,,36.3,,,,-,帕特雷大学,2022
South Korea,800,Asia,,,33.1,,,,,-,首尔市立大学,2022
United States,801,North America,,,41.2,,,40.3,,-,塔尔萨大学,2022
Canada,802,North America,,,,56.6,,44,,-,温莎大学,2022
Poland,803,Europe,,,25.6,,,,,-,波兹南密茨凯维奇大学,2022
Kuwait,803,Asia,,,,,100,16.9,5,-,中东美国大学,2022
Poland,804,Europe,,,28,,,,,-,波兰克拉科夫AGH科技大学,2022
Egypt,805,Africa,16.8,19.7,,,18.3,,5,-,艾因·沙姆斯大学,2022
Egypt,806,Africa,16.7,,,,,,,-,亚历山大大学,2022
India,807,Asia,,,27.1,,,,,-,阿里格尔穆斯林大学,2022
India,808,Asia,,,31.1,,41.8,,,-,阿米里大学,2022
Turkey,809,Asia,,,,,,,,-,安卡拉大学,2022
India,810,Asia,,,,45.2,,,,-,安娜大学,2022
Greece,811,Europe,,32.5,,19.2,,,,-,雅典经商大学,2022
United States,812,North America,,,,21.5,,,,-,奥本大学,2022
Australia,813,Oceania,,,,,60,49,4,-,澳洲天主大学,2022
Romania,814,Europe,,,,,,,,-,宝贝博爱大学,2022
India,815,Asia,,,,,,,,-,班纳拉斯印度大学,2022
Bangladesh,816,Asia,,22.2,,,,,,-,孟加拉国工程技术大学,2022
United States,817,North America,,,,,,,,-,贝勒大学,2022
China (Mainland),818,Asia,,,30.2,,33.6,32.5,,-,北京外国语大学,2022
Lebanon,819,Asia,,,,,71.8,39.8,,-,贝鲁特阿拉伯大学,2022
Belarus,820,Europe,,26.2,31.7,,,,,-,白俄罗斯国立技术大学,2022
Indonesia,821,Asia,,,,,,,5,-,建国大学（BINUS）,2022
United States,822,North America,,,,24.3,,21.1,,-,纽约州立大学宾厄姆顿大学,2022
United Kingdom,823,Europe,,,,,35.5,65.7,,-,伯明翰城市大学,2022
Hungary,824,Europe,,18.9,,,,18.6,,-,布达佩斯理工大学,2022
Australia,825,Oceania,,,,,,87.5,,-,查尔斯·斯坦特大学,2022
United States,826,North America,,20.1,,27.6,,,,-,克莱蒙森大学,2022
Pakistan,827,Asia,,,,,,,,-,COMSATS信息技术研究所,2022
Hungary,828,Europe,,18.6,,,,33.8,,-,布达佩斯科维纳斯大学,2022
Poland,829,Europe,,,30.3,,,,,-,理工大学，克拉科夫,2022
Czech Republic,830,Europe,,,,,25.8,56.2,,-,捷克生命科学大学,2022
Philippines,831,Asia,16.6,26.9,,,,,,-,德拉萨大学,2022
United Kingdom,832,Europe,,,,,61.6,90.9,,-,德蒙福特大学,2022
United Kingdom,833,Europe,,,,,55.5,82.3,4,-,爱丁堡纳皮尔大学,2022
Ecuador,834,Latin America,,,35.6,,,,,-,国立理工学院,2022
United States,835,North America,,,,,,30.7,,-,福坦莫大学,2022
Poland,836,Europe,,,31.9,,,,,-,格但斯克理工大学,2022
United States,837,North America,,,,21.5,,16.5,,-,乔治·梅森大学,2022
Jordan,838,Asia,,,24.2,,58.2,26.2,,-,德国约旦大学,2022
United Kingdom,839,Europe,,,,,32.8,41.7,,-,格拉斯哥卡利多尼安大学,2022
Kuwait,840,Asia,,,,,100,16.9,,-,海湾大学科技（GUST）,2022
Turkey,841,Asia,,,,,,,,-,哈西德佩大学,2022
China (Mainland),842,Asia,,,35.7,22.4,,,,-,哈尔滨工程大学,2022
Saudi Arabia,843,Asia,,,,,97,100,,-,麦地那伊斯兰大学,2022
Turkey,844,Asia,20.6,,,,,,,-,伊斯坦布尔大学,2022
Kazakhstan,845,Asia,,,53.8,,,,,-,卡拉甘达国立技术大学,2022
Thailand,846,Asia,23.9,20.3,,,,,4,-,泰国农业大学,2022
Lithuania,847,Europe,,,32.2,,,,,-,考纳斯理工大学,2022
Kazakhstan,848,Asia,,,35.6,,,,,-,哈萨克斯坦Ablai汗国际关系与世界语言大学,2022
United States,849,North America,,,,34.7,18.7,,,-,肯特州立大学,2022
Thailand,850,Asia,,,,,,,4,-,孔敬大学,2022
Saudi Arabia,851,Asia,,,,,99.6,,,-,费萨尔国王大学,2022
Thailand,852,Asia,,,,,,,,-,蒙古特国王理工大学,2022
Kuwait,853,Asia,,,,,36.7,30.1,,-,科威特大学,2022
Japan,854,Asia,,,24.9,,,,,-,京都工艺纤维大学,2022
Japan,855,Asia,,,,33.5,,,,-,九州工业大学,2022
China (Mainland),856,Asia,,,,34.9,,,,-,兰州大学,2022
United Kingdom,857,Europe,,,,,45.6,33.4,,-,利物浦约翰·穆尔斯大学,2022
Poland,858,Europe,,,34.8,,,,,-,罗兹技术大学,2022
United Kingdom,859,Europe,,,,,54.6,99,,-,伦敦都会大学,2022
United States,860,North America,,,26.7,,,,,-,芝加哥洛约拉大学,2022
United Kingdom,861,Europe,,,,,39.7,38.2,,-,曼彻斯特城市大学,2022
Malaysia,862,Asia,,,,,19.3,23.5,,-,多媒体大学（MMU）,2022
Japan,863,Asia,,,,37.2,,,,-,名古屋工业大学 (NIT),2022
Taiwan,864,Asia,,,,,,,,-,国立中正大学,2022
Ukraine,865,Europe,,,48.6,,,,,-,利沃夫理工大学,2022
Poland,866,Europe,,,41.2,,,,,-,尼古拉哥白尼大学,2022
Russia,867,Europe,,,25.2,,,53.9,,-,新西伯利亚州立技术大学,2022
United States,868,North America,,,,,,,4,-,俄亥俄大学,2022
Indonesia,869,Asia,,,27.5,,,,,-,Padjadjaran大学,2022
Russia,870,Europe,,,51.1,,,,,-,彼尔姆州立大学,2022
Chile,871,Latin America,20.2,27.3,,,,,,-,瓦尔帕莱索天主教大学,2022
Ecuador,872,Latin America,,,,,16.9,,,-,厄瓜多尔天主教大学,2022
Brazil,873,Latin America,,,34.8,,,,,-,圣保罗天主教大学（PUC-SP）,2022
Poland,874,Europe,,,25.1,,,,,-,波兹南理工大学,2022
Thailand,875,Asia,16.9,,,,,,4,-,宋卡王子大学,2022
Saudi Arabia,876,Asia,,,,,73.2,,,-,诺拉·宾特·阿卜杜勒拉曼公主大学,2022
Jordan,877,Asia,,,,,72.4,30.6,5,-,苏马亚公学技术大学,2022
United Kingdom,878,Europe,,,,,48.6,87.8,,-,玛格丽特皇后大学,2022
South Africa,879,Africa,,,,23,,41.1,,-,罗德斯大学,2022
Latvia,880,Europe,,,,,,78.5,,-,里加斯特拉斯大学,2022
Japan,881,Asia,,48.5,,,27.2,,,-,立命馆大学,2022
Canada,882,North America,,25.2,,36.3,,,,-,瑞尔森大学,2022
Japan,883,Asia,,,,23.4,,,,-,埼玉大学,2022
United States,884,North America,,,,33.6,,,,-,圣地亚哥州立大学,2022
China (Mainland),885,Asia,,,26.9,,46,48.9,,-,上海外国语大学,2022
United Kingdom,886,Europe,,21,,,30.4,16.3,5,-,谢菲尔德哈勒姆大学,2022
Japan,887,Asia,,,39.4,19.5,,,,-,信州大学,2022
"Iran, Islamic Republic of",888,Asia,,,,43.4,,,,-,设拉子大学,2022
Poland,889,Europe,,,34.3,,,,,-,Gliwice西里西亚理工大学,2022
Slovakia,890,Europe,,,41.1,,,,,-,斯洛伐克理工大学布拉迪斯拉发,2022
Japan,891,Asia,,18.4,,,34.3,24.9,,-,上智大学,2022
Russia,892,Europe,,,43.4,,,21.2,,-,南乌拉尔国立大学,2022
Hungary,893,Europe,,,40.5,,,30.2,,-,匈牙利农业与生命科学大学,2022
Estonia,894,Europe,,,,,30.2,25.7,,-,塔林大学,2022
Slovakia,895,Europe,,,25.3,,,27.7,,-,科希策技术大学,2022
Germany,896,Europe,,,,,21.1,,,-,多特蒙德工业大学,2022
Ireland,897,Europe,,,,,41,44.4,,-,都柏林理工学院,2022
Costa Rica,898,Latin America,,35.7,25.3,,,,,-,哥斯达黎加技术学院,2022
United States,899,North America,,,,19.8,23,,,-,德克萨斯理工大学,2022
United Kingdom,900,Europe,,,,,56.3,44.9,,-,罗伯特戈顿大学,2022
Russia,901,Europe,,,53.2,,,,,-,俄罗斯国家经济和公共行政学院院长,2022
Japan,902,Asia,,,,,,,,-,东海大学（日本）,2022
Chile,903,Latin America,,,,,19.2,,,-,智利南方大学,2022
Mexico,904,Latin America,,,59.1,,,,,-,查平戈大学,2022
Mexico,905,Latin America,20.2,,,,,,,-,墨西哥州立自治大学,2022
Mexico,906,Latin America,21.6,,,,,,,-,自治城市大学（UAM）,2022
Venezuela,907,Latin America,18.9,46.8,,,,,,-,安德鲁贝罗天主大学,2022
Uruguay,908,Latin America,,,34.1,,,,,-,乌拉圭天主教大学,2022
Spain,909,Europe,,,27.9,,,,,-,阿利坎特大学,2022
Uruguay,910,Latin America,18.1,18.5,,,,,,-,德拉共和大学（UdelaR）,2022
Mexico,911,Latin America,,18.4,28.6,,40.3,,5,-,拉斯美洲普埃布拉大学（UDLAP）,2022
Chile,912,Latin America,,24.7,,,,,,-,洛斯安第斯大学智利,2022
Venezuela,913,Latin America,,19,,,,,,-,洛斯安第斯大学梅里达,2022
Spain,914,Europe,,,30.2,,,,,-,穆尔西亚大学,2022
Spain,915,Europe,,,,19.3,,,,-,奥维耶多大学,2022
Colombia,916,Latin America,,22.4,,,,,,-,山谷大学,2022
Chile,917,Latin America,,30.6,,,,,,-,迭戈波塔利斯大学,2022
Colombia,918,Latin America,,53.9,,,,,,-,EAFIT大学,2022
Costa Rica,919,Latin America,,19.9,,,18,,,-,哥斯达黎加国立大学,2022
Argentina,920,Latin America,19,,,,,,,-,科尔多瓦国立大学,2022
Argentina,921,Latin America,16.1,,,,,,,-,罗萨里奥国立大学,2022
Argentina,922,Latin America,,,41.4,,,,,-,圣路易斯国立大学,2022
Peru,923,Latin America,,33.8,,,,,,-,圣马科斯国立大学,2022
Venezuela,924,Latin America,,32,,,,,,-,委内瑞拉西蒙·博利瓦尔大学,2022
Chile,925,Latin America,,42,,,,,,-,大西洋学院费德里科圣玛丽亚大学,2022
Panama,926,Latin America,,26.3,24.9,,,,,-,巴拿马大学（UTP）,2022
Argentina,927,Latin America,,30.2,41.8,,,,,-,国立理工大学（UTN）,2022
Portugal,928,Europe,,22.5,,,,18.1,,-,葡萄牙天主大学,2022
Spain,929,Europe,,,30.8,,,,,-,大学科鲁尼亚大学,2022
Brazil,930,Latin America,21,,,,,,,-,德巴西利亚大学,2022
Brazil,931,Latin America,16,,,,,,,-,圣卡塔琳娜州联邦大学,2022
Brazil,932,Latin America,,,,18.5,,,,-,圣卡洛斯联邦大学,2022
Brazil,933,Latin America,,,,,,,,-,巴拉那联邦大学（UFP的）,2022
Brazil,934,Latin America,,,25.2,,,,,-,伯南布哥联邦大学,2022
Italy,935,Europe,,,,33.8,,,,-,卡塔尼亚大学,2022
Italy,936,Europe,,,,49.8,,,,-,费拉拉大学大学,2022
Italy,937,Europe,,,,35.2,,,,-,萨莱诺大学,2022
Italy,938,Europe,,,,30,,,,-,乌迪内大学,2022
Italy,939,Europe,18.5,,,,,,,-,罗马帝国大学,2022
Italy,940,Europe,,,,32.9,,,,-,卡拉布里亚大学,2022
Italy,941,Europe,,,,42.1,,,,-,马尔凯理工大学,2022
Italy,942,Europe,,,,28.8,,,,-,巴勒莫大学,2022
Germany,943,Europe,,,,,24.2,,,-,比勒费尔德大学,2022
Germany,944,Europe,,,,,,21.6,,-,波茨坦大学,2022
France,945,Europe,,,,,23.5,40.4,,-,洛林大学,2022
France,946,Europe,,,,,18.3,18,,-,南特大学,2022
France,947,Europe,,,,,,,,-,雷恩第一大学,2022
France,948,Europe,,,,28.7,25.8,18.6,,-,凡尔赛大学圣昆汀 - 伊夫林（UVSQ）,2022
France,949,Europe,,,,,16.1,82.9,,-,蒙彼利埃第三大学,2022
France,950,Europe,,,,,33.7,58,,-,图卢兹第一大学,2022
Malaysia,951,Asia,,,,,36.1,,,-,马来西亚沙捞越大学（UNIMAS）,2022
Malaysia,952,Asia,,27.6,,,,,,-,马来西亚拉曼大学,2022
Malaysia,953,Asia,,,46.3,,,,5,-,玻璃市马来西亚大学,2022
United States,954,North America,,22.1,,,,,,-,阿拉巴马大学,2022
Iraq,955,Asia,,,35.2,,,,,-,巴格达大学,2022
Bahrain,956,Asia,,,,,98.8,30.9,,-,巴林大学,2022
Italy,957,Europe,,,,27.1,,,,-,巴里大学,2022
United Kingdom,958,Europe,,,,,54.2,54.3,,-,布莱顿大学,2022
Romania,959,Europe,,,,,,,,-,布加勒斯特大学,2022
India,960,Asia,,,,21.3,,,,-,加尔各答大学,2022
United Kingdom,961,Europe,,,,,31.2,47.7,4,-,中央兰开夏大学,2022
Greece,962,Europe,,,,31.1,,,,-,克里特大学,2022
Bangladesh,963,Asia,,31.5,,,,,,-,达卡大学,2022
United Kingdom,964,Europe,,,,,78.3,94.5,,-,东伦敦大学,2022
Pakistan,965,Asia,,36.6,,,,,,-,拉合尔工程技术大学,2022
Poland,966,Europe,,,24.9,,,,,-,格但斯克大学,2022
United Kingdom,967,Europe,,,,,53.7,86.9,,-,赫特福德大学,2022
Iraq,968,Asia,,,36.8,,,,,-,库法大学,2022
South Africa,969,Africa,,,,19.4,30.6,,,-,夸祖鲁-纳塔尔大学,2022
Latvia,970,Europe,,,,,18.3,,,-,拉脱维亚大学,2022
United Kingdom,971,Europe,,,,,77.3,,5,-,林肯大学,2022
Poland,972,Europe,,,32.7,,,,,-,罗兹大学,2022
Malaysia,973,Asia,,,,,21.6,,,-,马来西亚沙巴大学（UMS）,2022
Malta,974,Europe,,,44.7,,16.7,,,-,马耳他大学,2022
Slovenia,975,Europe,,,38.3,,,,,-,马里博尔大学,2022
Hungary,976,Europe,,,34.1,,,,,-,米什科尔茨大学,2022
United States,977,North America,,,37.4,,,,,-,密西西比大学,2022
Australia,978,Oceania,,,,26.9,,,,-,新英格兰大学,2022
United States,979,North America,,,,36.8,,,,-,新罕布什尔大学,2022
Czech Republic,980,Europe,,,32.4,,,,,-,帕尔杜比采大学,2022
Italy,981,Europe,,,,40.1,,,,-,帕尔马大学,2022
Croatia,982,Europe,,,37.6,,,,,-,里耶卡大学,2022
United Kingdom,983,Europe,,,,,36,47,,-,索尔福德大学,2022
United States,984,North America,,,26.2,,,,,-,圣地亚哥大学,2022
Philippines,985,Asia,,,,,30.7,,5,-,圣托马斯大学（菲律宾）,2022
United States,986,North America,,,41.8,,,,,-,太平洋大学（加利福尼亚）,2022
Pakistan,987,Asia,,32.2,,,,,,-,旁遮普大学,2022
United Kingdom,988,Europe,,,,,42.7,53.4,,-,英国西部大学,2022
Poland,989,Europe,,,,,,,,-,弗罗茨瓦夫大学,2022
United States,990,North America,,,,39.6,,,,-,怀俄明大学,2022
Croatia,991,Europe,,,32.3,,,,,-,萨格勒布大学,2022
United States,992,North America,,,,32.8,,,,-,犹他州立大学,2022
Italy,993,Europe,,,,26.9,,,,-,维罗纳大学,2022
Vietnam,994,Asia,20.4,,,,,,,-,胡志明市国家大学,2022
Vietnam,995,Asia,,,,,,,,-,越南河内国家大学,2022
Lithuania,996,Europe,,,,,27.6,18.7,,-,维陶塔斯·马格纳斯大学,2022
Poland,997,Europe,,,30.8,,,,,-,弗罗茨瓦夫理工大学,2022
China (Mainland),998,Asia,,,,23.4,,,,-,武汉理工大学,2022
China (Mainland),999,Asia,,,,,100,,,-,西交利物浦大学,2022
Japan,1000,Asia,,,48.9,,,,,-,山口大学,2022
South Korea,1001,Asia,,,,27.5,22.2,,,-,岭南大学,2022
Japan,1002,Asia,,,24.6,,,,,-,横滨国立大学,2022
Egypt,1003,Africa,,,,,,,,-,阿兹哈尔大学,2022
Saudi Arabia,1004,Asia,,,,,56.3,,,-,伊玛目穆罕默德·本·沙特伊斯兰大学,2022
Romania,1005,Europe,,,,,,,,-,亚历山德鲁伊万库扎大学,2022
India,1006,Asia,,,,,,18.7,,-,爱美大学,2022
"Palestinian Territory, Occupied",1007,Asia,,,,,33.6,18,,-,安纳哈大学,2022
Japan,1008,Asia,,,,,18.3,,,-,青山学院大学,2022
Egypt,1009,Africa,,,,,30.4,,,-,艾斯尤特大学,2022
Azerbaijan,1010,Asia,,,,,,,,-,阿塞拜疆国立经济大学,2022
Azerbaijan,1011,Asia,,,24.3,,,,,-,巴库州立大学,2022
United States,1012,North America,,,100,,,25.4,,-,贝勒医学院,2022
Belarus,1013,Europe,,,,,,,,-,白俄罗斯国立信息大学和放射性电子学系,2022
Mexico,1014,Latin America,,,,,,,,-,普埃布拉自治大学,2022
Norway,1015,Europe,,,,22,80.5,18.8,,-,挪威管理学院,2022
India,1016,Asia,,,,20.9,,,,-,伯拉科技学院,2022
"Palestinian Territory, Occupied",1017,Asia,,,,,,,,-,比尔泽特大学,2022
United States,1018,North America,,,,20.7,,,,-,杨百翰大学,2022
United Kingdom,1019,Europe,,,,,32.2,25.3,,-,坎特伯雷基督教大学,2022
Hungary,1020,Europe,19.4,,61.3,,83.5,89,,-,中欧大学,2022
Taiwan,1021,Asia,,,,,,,,-,中原基督教大学,2022
Denmark,1022,Europe,,19.1,,41.7,85.9,65.5,,-,哥本哈根商学院,2022
United Kingdom,1023,Europe,,25.1,99.5,46.5,99.7,100,,-,克兰菲尔德大学,2022
Syrian Arab Republic,1024,Asia,,,,,,,,-,大马士革大学,2022
Indonesia,1025,Asia,,,,,16.2,,,-,蒂波尼格罗大学,2022
Turkey,1026,Asia,,,,,,,,-,杜库斯埃勒大学,2022
Japan,1027,Asia,,,,,20,,,-,同志社大学,2022
Kazakhstan,1028,Asia,,,26.3,,,,,-,卡拉甘达州立大学E.Buketov,2022
Turkey,1029,Asia,,,,,,,,-,爱琴海大学,2022
France,1030,Europe,,41.5,,,83.5,83.9,,-,欧洲高等商学院,2022
Ecuador,1031,Latin America,,,,,23.6,,,-,高等政治学院（ESPOL）,2022
Singapore,1032,Asia,,60.8,,40.6,99.6,88.5,,-,ESSEC高等商学院,2022
Taiwan,1033,Asia,,,,,,,,-,逢甲大学,2022
Taiwan,1034,Asia,,,,,,16.5,,-,辅仁大学,2022
Turkey,1035,Asia,,,,,,,,-,加兹大学,2022
Egypt,1036,Africa,,,,,,,,-,德国大学，开罗,2022
France,1037,Europe,,26.2,,,35.5,74.9,,-,格勒诺布尔INP，格勒诺布尔理工学院,2022
Vietnam,1038,Asia,,,,,,,,-,河内科技大学,2022
France,1039,Europe,,89.7,,,83.5,89,,-,巴黎高等商学院,2022
Egypt,1040,Africa,,,,,,,,-,赫尔湾大学,2022
France,1041,Europe,,37.7,92.6,,64.7,99.4,,-,IMT Atlantique,2022
Singapore,1042,Asia,21.4,84.6,39.5,,83.5,89,,-,欧洲工商管理学院,2022
Turkey,1043,Asia,,,,,,,,-,伊兹密尔技术学院（IYTE）,2022
India,1044,Asia,,,,,,,,-,贾米亚·哈姆达德，新德里,2022
India,1045,Asia,28.3,,26.5,23.8,,,,-,尼赫鲁大学,2022
Sweden,1046,Europe,39.7,,99.8,90,91.8,45.3,,-,卡罗林斯卡学院,2022
Saudi Arabia,1047,Asia,22.6,,78.2,100,100,100,,-,阿卜杜拉国王科技大学（KAUST）,2022
Thailand,1048,Asia,,19.3,,,,,4,-,先皇技术学院,2022
United Kingdom,1049,Europe,,,,,27.2,22.2,5,-,利兹贝克特大学,2022
United Kingdom,1050,Europe,21.2,85.8,,77.8,100,100,,-,伦敦商学院,2022
Uganda,1052,Africa,,,,,,,,-,马克雷雷大学,2022
Egypt,1053,Africa,,,,,,,,-,曼苏拉大学,2022
United States,1054,North America,,,26.2,,,,,-,马凯特大学,2022
Japan,1055,Asia,,20,,,,,,-,明治大学,2022
United States,1056,North America,,,,,,22.8,,-,迈阿密大学（俄亥俄）,2022
Iraq,1057,Asia,,,23.9,,,,,-,穆斯林西里大学,2022
Taiwan,1058,Asia,,,,,,16.4,,-,国立东华大学,2022
Taiwan,1059,Asia,,,,,,,4,-,台湾海洋大学,2022
Ukraine,1060,Europe,,,27.6,,,,,-,基辅-莫伊拉学院国立大学,2022
South Africa,1061,Africa,,,,,,,4,-,西北大学,2022
United States,1062,North America,,,,,,,,-,北亚利桑那大学,2022
India,1063,Asia,,,,,,,,-,班贾布大学,2022
Kazakhstan,1064,Asia,,,,,,,,-,巴甫洛达尔国立大学,2022
Brazil,1065,Latin America,,,,,,,,-,里奥格兰德天主教大学,2022
Japan,1066,Asia,,,,,,,,-,立教大学,2022
Russia,1067,Europe,,,,,,,,-,俄罗斯国立人文大学RGGU,2022
Kazakhstan,1068,Asia,,,26.6,,,,,-,哈萨克农业大学,2022
Italy,1069,Europe,27.8,,100,69.4,27.8,20.9,,-,Scuola Normale Superiore di Pisa,2022
Italy,1070,Europe,,,97.4,87.9,,50.9,,-,圣安娜比萨学院,2022
South Korea,1071,Asia,,,,,,,,-,国立首尔科学技术大学,2022
"Iran, Islamic Republic of",1072,Asia,,,,25.5,,,,-,德黑兰沙希德·贝什蒂大学,2022
Russia,1073,Europe,,,,,40.1,,,-,西伯利亚联邦大学,2022
United Kingdom,1074,Europe,,,52.4,58.4,50.9,58.9,,-,圣伦敦圣乔治大学,2022
Russia,1075,Europe,,,,,,16.1,,-,圣彼得堡矿业大学,2022
Sweden,1076,Europe,,21.3,,56.6,86.3,26.3,,-,斯德歌尔摩经济学院,2022
Thailand,1077,Asia,,,,,,,4,-,泰国苏兰拉工业大学,2022
Taiwan,1078,Asia,,,,,,,,-,台湾淡江大学,2022
Romania,1079,Europe,,,,,,,4,-,克卢日纳波卡技术大学,2022
Czech Republic,1080,Europe,,,,,,27.3,,-,俄斯特拉发技术大学,2022
France,1081,Europe,,46.6,98.4,34.7,95.4,99.3,,-,巴黎电讯,2022
India,1082,Asia,,,,28.3,,,,-,塔帕尔大学,2022
Romania,1083,Europe,,,,,,,,-,格奥尔基·阿萨卡技术大学,2022
Jordan,1084,Asia,,,,,,,,-,哈希姆大学,2022
Vietnam,1085,Asia,,,,,50.2,,,-,孙德胜大学,2022
Taiwan,1086,Asia,,,,,,,,-,东海大学,2022
Chile,1087,Latin America,,,,,,,4,-,安德烈斯·贝洛大学 - UNAB,2022
Mexico,1088,Latin America,,,,,,,,-,南下加利福尼亚州自治大学,2022
Chile,1089,Latin America,,,,,,,,-,智利大学,2022
Mexico,1090,Latin America,,19,,,,,,-,新莱昂自治大学（UANL）,2022
Mexico,1091,Latin America,,,,,,,,-,克雷塔罗自治大学,2022
Mexico,1092,Latin America,,,,,,,,-,圣路易斯波托西自治大学,2022
Mexico,1093,Latin America,,,,,,,,-,尤卡坦自治大学,2022
Mexico,1094,Latin America,,,,,,,,-,自治大学德尔斯卡德莫雷洛斯,2022
Bolivia,1095,Latin America,,,,,,,3,-,玻利维亚大学,2022
Colombia,1096,Latin America,,,,,,,4,-,哥伦比亚天主教大学,2022
Argentina,1097,Latin America,,,30,,,,,-,科尔多瓦天主教大学,2022
Chile,1098,Latin America,,,,,16.9,,,-,城北天主教大学,2022
Ecuador,1099,Latin America,,,,,,,,-,厄瓜多尔中央大学,2022
Spain,1100,Europe,,,,,,,,-,卡斯蒂利亚 - 拉曼恰大学,2022
Mexico,1101,Latin America,,,,,,,,-,瓜纳华托大学,2022
Chile,1102,Latin America,,,,,,,,-,拉弗龙特拉大学(UFRO),2022
Colombia,1103,Latin America,,,,,,,4,-,拉萨尔大学,2022
Ecuador,1104,Latin America,,,,,,,,-,厄瓜多尔军事理工学院,2022
Peru,1105,Latin America,,34.5,,,,,4,-,利马大学,2022
Colombia,1106,Latin America,,,,,,,3,-,麦德林大学,2022
Mexico,1107,Latin America,,,,,,,4,-,蒙特雷大学,2022
Panama,1108,Latin America,,,,,,,,-,巴拿马大学（UP）,2022
Puerto Rico,1109,Latin America,,,,,,,,-,波多黎各大学,2022
Mexico,1110,Latin America,,,,,,,,-,索诺拉大学,2022
Chile,1111,Latin America,,,,,19.2,,,-,塔尔卡大学,2022
Chile,1112,Latin America,,,,,,,,-,瓦尔帕莱索大学,2022
Chile,1113,Latin America,,,,,,,,-,比奥比奥大学,2022
Chile,1114,Latin America,,18.6,,,,,,-,德拉斯洛罗大学,2022
Colombia,1115,Latin America,,25.8,,,,,,-,城北大学,2022
Peru,1116,Latin America,,36.1,,,,,,-,太平洋大学,2022
Colombia,1117,Latin America,,27,,,,,3,-,桑坦德工业大学,2022
Bolivia,1118,Latin America,,,,,,,,-,圣安德烈市长大学,2022
Venezuela,1119,Latin America,,20.1,,,,,,-,委内瑞拉都会大学,2022
Peru,1120,Latin America,,,,,,,,-,国立农业大学,2022
Paraguay,1121,Latin America,,,27.9,,,,,-,亚松森国立大学,2022
Argentina,1122,Latin America,,,,,,16.9,,-,库约国立大学,2022
Argentina,1123,Latin America,,,,,,,,-,马德普拉塔国立大学,2022
Argentina,1124,Latin America,,,,,,,,-,基尔梅斯国立大学,2022
Argentina,1125,Latin America,,,,,,,,-,圣马丁全国大学（UNSAM）,2022
Argentina,1126,Latin America,,,,,,,,-,图库曼国立大学,2022
Argentina,1127,Latin America,,,,,,,3,-,德尔滨海国立大学,2022
Argentina,1128,Latin America,,,,,,,,-,国立大学戴尔苏尔,2022
Peru,1129,Latin America,,26.8,,,,,4,-,秘鲁应用科技大学,2022
Spain,1130,Europe,,,,,,,,-,胡安卡洛斯国王大学,2022
Spain,1131,Europe,,,,19.7,,,,-,维戈大学,2022
Brazil,1132,Latin America,,,,,,,,-,里约热内卢州立大学 (UERJ),2022
Brazil,1133,Latin America,,,,,,,,-,隆德里纳州立大学,2022
Brazil,1134,Latin America,,,,,,,,-,巴伊亚联邦大学,2022
Brazil,1135,Latin America,,,,,,,,-,圣玛丽亚联邦大学,2022
Brazil,1136,Latin America,,,,,,,,-,维索萨联邦大学,2022
Brazil,1137,Latin America,,,,,,,,-,塞阿拉联邦大学（UFC）,2022
Brazil,1138,Latin America,,,,,,,,-,弗鲁米嫩塞联邦大学,2022
Italy,1139,Europe,24.8,81.3,,,44.3,32.2,,-,博科尼大学,2022
Indonesia,1140,Asia,,,,,,,,-,梭罗大学,2022
Germany,1141,Europe,,,,,32.3,20.1,,-,锡根大学,2022
France,1142,Europe,,,,,,,,-,卡昂大学,2022
France,1143,Europe,,,,,,33.8,,-,普瓦捷大学,2022
France,1144,Europe,,18,38.3,22.5,,32.1,,-,科技大学，比利时（UTC）,2022
France,1145,Europe,,,,,27.1,32.3,,-,里昂第三大学,2022
France,1146,Europe,,,,,24.5,,,-,里昂第二大学,2022
Morocco,1147,Africa,,,,,,,,-,穆罕默德大学 - 阿格达尔大学,2022
France,1148,Europe,,,,,,,,-,巴黎楠泰尔大学,2022
Malaysia,1149,Asia,,,,,,,,-,马来西亚登嘉楼大学,2022
Italy,1150,Europe,,,,,16.3,,,-,贝尔加莫大学,2022
Pakistan,1151,Asia,,,,21.2,,,,-,费萨拉巴德农业大学,2022
United States,1152,North America,,,,19.2,,,,-,阿肯色大学,2022
Iraq,1153,Asia,,,,,,,,-,巴比伦大学,2022
Iraq,1154,Asia,,,,,,,,-,巴士拉大学,2022
Serbia,1155,Europe,,,,,,,,-,贝尔格莱德大学,2022
Indonesia,1156,Asia,,,,,,,,-,布拉维亚大学,2022
United States,1157,North America,42.2,,100,48.7,44.3,,,-,加州大学旧金山分校,2022
Sri Lanka,1158,Asia,,,,,,,,-,科伦坡大学,2022
Czech Republic,1159,Europe,,18.7,,,,60.4,,-,布拉格经济大学,2022
Ghana,1160,Africa,,,,,,,,-,加纳大学,2022
Pakistan,1161,Asia,,,,,,,,-,卡拉奇大学,2022
Pakistan,1162,Asia,,,,,,,,-,拉合尔大学,2022
United States,1163,North America,,,,23.6,,,,-,蒙大拿大学,2022
India,1164,Asia,,23.9,,,,,,-,孟买大学,2022
Kenya,1165,Africa,,,,,,,,-,内罗毕大学,2022
Serbia,1166,Europe,,,,,,,,-,尼斯大学,2022
Serbia,1167,Europe,,,,,,,,-,诺维萨德大学,2022
Czech Republic,1168,Europe,,,25.2,,21.5,,,-,俄斯特拉发大学,2022
Sri Lanka,1169,Asia,,,,,,,,-,佩拉德尼亚大学,2022
United States,1170,North America,,,,,,28.9,,-,旧金山大学,2022
Bosnia and Herzegovina,1171,Europe,,,,,,,,-,萨拉热窝大学,2022
Poland,1172,Europe,,,,,,,,-,西里西亚大学,2022
Croatia,1173,Europe,,,,,,,,-,斯普利特大学,2022
United Kingdom,1174,Europe,,,,,48.3,100,,-,伦敦艺术大学,2022
South Africa,1175,Africa,,,,19.6,24.1,,,-,西开普大学,2022
Czech Republic,1176,Europe,,,,,,,,-,西波希米亚大学,2022
Romania,1177,Europe,,,,,,,,-,布加勒斯特理工大学,2022
France,1178,Europe,,,,,31.9,25.5,,-,图卢兹第二大学,2022
India,1179,Asia,,,,,,,,-,维多利亚大学,2022
Russia,1180,Europe,,,27,,,26.3,3,-,沃罗涅日州立大学,2022
Poland,1181,Europe,,,25.4,,,,,-,华沙生命科学大学,2022
Israel,1182,Asia,19.9,,100,76.4,,,,-,威兹曼科学院,2022
Romania,1183,Europe,,,,,,,,-,蒂米什瓦拉西部大学,2022
Germany,1184,Europe,,23.8,25.2,45.1,98.6,,,-,奥伦贝森管理研究院,2022
Jordan,1185,Asia,,,,,,,,-,耶尔穆克大学,2022
Turkey,1186,Asia,,,,,,,,-,伊尔第兹技术大学,2022
